candidate_index,days_above_high_threshold,days_below_low_threshold,min_level_m,max_level_m,mean_level_m,mean_outflow_m3s,std_outflow_m3s,mean_abs_ramp_m3s_day,monthly_q_min_m3s,monthly_q_max_m3s,wet_minus_dry_mean_m3s,seasonal_spread_gap_m3s,natural_band_penalty_m3s,realized_monthly_target_rmse_m3s,realized_high_violation_m,realized_low_violation_m,realized_is_band_feasible,realized_is_guardrail_feasible,emergency_high_release_days,emergency_low_release_days,high_water_buffer_m,low_water_buffer_m,dry_protective_q_min_m3s,excess_low_days_vs_observed,selection_score
0,231,84,11.000068207407864,12.299041498592464,11.637113986977225,1072.1842876616531,202.87838588622944,3.7340253831800667,923.4584133130649,1219.4206676380968,266.9181214034851,181.81241858686803,95.38292196312875,97.4049494534535,0.14904149859246374,0.1499317925921364,False,True,1790,1726,0.08701791558364017,0.7869640062745035,674.7886245458227,0,0.42747856142305407
1,232,84,11.00019059409554,12.29983218963779,11.637523233188087,1072.1070533232103,203.0125393525282,3.7487121722016252,922.7931822181205,1219.8692895397096,268.05849182558813,182.95278900897108,96.94539686129872,97.78881689451511,0.14983218963778988,0.14980940590445968,False,True,1806,1731,0.16571349362315507,0.7877475494286136,675.444867199461,0,0.4309359596531885
2,312,175,11.00000900632244,12.349662007211112,11.584517741956638,1067.2396996098075,171.50956488313997,3.2568099694413672,957.5807528203222,1193.1322581204352,199.71082591518984,114.60512309857279,22.419247179677768,68.89969606944409,0.19966200721111171,0.14999099367756052,False,True,1487,543,0.062128199430857595,0.4313938103650248,688.425107719946,0,0.43116811193369003
3,312,174,11.000099472144319,12.349876496418284,11.584504673151255,1067.2187484024723,171.47348933463604,3.2557376124204698,957.5646161239526,1193.0917795597388,199.6924161665778,114.58671334996075,22.435383876047354,68.90091888710757,0.19987649641828398,0.14990052785568153,False,True,1487,546,0.062128199430857595,0.4313938103650248,688.4627987773994,0,0.43125765966885393
4,233,84,11.000054546095598,12.300488743956091,11.636149193891907,1072.0429213986765,201.9127581649222,3.7039262552875725,923.9254619597623,1218.7842398474515,265.6512214399212,180.54551862330413,93.6430177351408,96.81789040130886,0.1504887439560907,0.14994545390440273,False,True,1787,1721,0.05829106068439478,0.7846619332786287,672.3346714350679,0,0.4277890722367204
5,312,175,11.00000900632244,12.349662007211112,11.584517741956638,1067.2396996098075,171.50956488313997,3.2568099694413672,957.5807528203222,1193.1322581204352,199.71082591518984,114.60512309857279,22.419247179677768,68.89969606944409,0.19966200721111171,0.14999099367756052,False,True,1487,543,0.062128199430857595,0.4313938103650248,688.425107719946,0,0.43116811193369003
6,241,88,11.000395175569519,12.304330724319325,11.632358441987334,1071.6676385199123,200.60855469608407,3.73988060183991,926.5484155907218,1217.2192746211654,260.6655312166512,175.55982840003412,87.89013365160895,94.6032327419509,0.15433072431932437,0.1496048244304813,False,True,1776,1705,0.11762879939343411,0.7546270664726994,688.7049224983862,0,0.4330090307505625
7,241,83,11.002031624420399,12.304504133591207,11.635837298030413,1071.6506999817766,201.56295293060592,3.6570707054232843,925.1709596480048,1217.6806529759324,263.1049078501886,177.99920503357157,90.19034630386,95.65850313547357,0.15450413359120674,0.14796837557960174,False,True,1777,1721,0.0752291602510192,0.7728197776646143,684.4008828680903,0,0.43232507717145874
8,306,164,11.000107634371547,12.347400873322036,11.587040129238929,1067.4605661304497,172.66605248456182,3.424060889879675,953.5388291287679,1195.7053966726232,207.5311562993312,122.42545348271415,26.46117087123207,71.58237351775749,0.19740087332203515,0.1498923656284532,False,True,1542,742,0.08793622731453417,0.48095964673188624,683.7663590553681,0,0.4379350286344608
9,271,115,11.000511211509416,12.3250861377886,11.6152614450893,1069.6402592570105,186.8904379172985,3.583605195602986,938.3197314113207,1203.3530019593293,237.7419807803284,152.63627796371134,48.38627250733782,83.79282226740288,0.17508613778860038,0.14948878849058467,False,True,1740,1338,0.05893657550484609,0.6439637589291601,678.1665508208132,0,0.4343591671547698
10,307,166,11.000476486666082,12.34867143496452,11.58663071821902,1067.3364582522863,172.17050053639042,3.408607151891933,953.770155284384,1195.2467895886455,206.83477339965054,121.72907058303349,26.229844715615968,71.29449084593145,0.19867143496452044,0.1495235133339179,False,True,1538,720,0.08792460436543464,0.4773763089797377,683.5204053608878,0,0.438145649306276
11,262,101,11.000029197551171,12.3183622005725,11.622868849849329,1070.2970503586182,191.58128408358445,3.4867871728971354,932.826381285234,1207.574437677378,247.1587366643388,162.05303384772174,62.32249406952201,88.10862873012088,0.16836220057249918,0.14997080244882888,False,True,1773,1451,0.08682014065446043,0.6932972746563109,675.4061996049282,0,0.43268478004311933
12,238,85,11.000100313516505,12.30158573972816,11.635128142353912,1071.9357673550876,202.27123362814396,3.7218485261297585,924.7711505146201,1218.7207251937639,264.427803086984,179.32210027036695,92.67029987290766,96.29895240160846,0.15158573972816036,0.1498996864834954,False,True,1781,1728,0.11441957279355819,0.772404548388419,685.2256962802307,0,0.4324539719616859
13,266,106,11.000149480991622,12.322453465881416,11.619341628120734,1069.8974174407433,189.04862663828962,3.4919671977282154,935.1897797225145,1205.1747132648345,242.94380154104306,157.838098724426,55.15964680715456,86.14188970056347,0.17245346588141608,0.1498505190083783,False,True,1760,1393,0.08095281407088156,0.6712491094499731,675.4250979667489,0,0.4324553015265157
14,303,146,11.002172160847508,12.346450699153403,11.594683074639294,1067.5533787072197,174.0685226750065,3.4133186841688765,951.5088964960821,1194.977053768128,211.81316525334694,126.70746243672988,28.491103503917884,72.68971111802199,0.1964506991534023,0.14782783915249276,False,True,1642,895,0.1292123981999099,0.5133635148580544,684.2872793107293,0,0.4418020890155477
15,297,152,11.001079892279531,12.341795211728769,11.59258601466466,1068.0081245824022,175.2434410827107,3.5086384485070172,951.8874258408573,1197.4279639158926,211.89170173724017,126.78599892062311,28.112574159142696,72.99998511807894,0.19179521172876868,0.14892010772046937,False,True,1590,874,0.08095281407088156,0.5097985841824677,684.1403101348524,0,0.43444781113228575
16,307,166,11.000255330194912,12.348368639949214,11.586560094886789,1067.366035130411,172.2626275707439,3.4097197023051824,953.7666676532187,1195.3492728178405,206.89755990777815,121.79185709116109,26.233332346781253,71.33949655835029,0.19836863994921394,0.14974466980508794,False,True,1538,721,0.08803980740235307,0.4773763089797377,683.6323333764366,0,0.43815598616627155
17,306,146,11.004233942019104,12.347951464939008,11.596079599507476,1067.4067845939717,175.44869555128986,3.49629916786661,950.5856762756256,1196.9513754640404,213.50291399577975,128.3972111791627,29.414323724374412,73.79369562109112,0.19795146493900795,0.1457660579808966,False,True,1614,981,0.12835342907214742,0.521970701779537,688.6408660312363,0,0.4480292634868277
18,261,114,11.000848343261762,12.315366319626577,11.616223369444437,1070.5896866345843,191.6162079136625,3.9454723959850915,936.8704069671337,1210.6938744685463,241.5089211066869,156.40321829006984,64.5173419699588,86.11993295343302,0.16536631962657644,0.1491516567382387,False,True,1697,1383,0.055744962066542975,0.6543573033555496,688.8185714810081,0,0.43789487612763595
19,270,110,11.001436928324978,12.324929919742805,11.617547138684868,1069.6555185640138,187.79249820730075,3.529486300458452,937.2285589493912,1203.9320991054467,239.3957301543403,154.29002733772325,50.635639261502206,84.55878358291896,0.17492991974280514,0.14856307167502258,False,True,1755,1356,0.11266181046885729,0.6508331425183984,677.4447410441677,0,0.43402522454683334
20,267,111,11.000249597775303,12.322810443048803,11.617057781288503,1069.862548074839,188.2572347811945,3.555042923593003,937.195207233256,1204.6398290080922,239.83018091947872,154.72447810286167,52.08445078292834,84.80752718613753,0.1728104430488031,0.14975040222469715,False,True,1754,1357,0.11217203135740324,0.6508331425183984,678.2637509108795,0,0.4321294662886293
21,287,140,11.000926252423232,12.336086299292722,11.600051879693657,1068.5657685293268,178.06913886581583,3.639528464723241,948.446888566357,1197.2894685263439,220.31873137387345,135.2130285572564,31.55311143364304,76.1495905719261,0.1860862992927217,0.14907374757676806,False,True,1668,1082,0.06496170145760097,0.555874858722297,677.4766067378065,0,0.4361072393872366
22,308,155,11.002252373832404,12.349616189399525,11.590247493668613,1067.2441750726477,171.55587581793066,3.3770129786468597,953.8246283175538,1193.1349518488394,206.80447887310743,121.69877605649037,26.17537168244621,70.66656308619245,0.1996161893995243,0.14774762616759674,False,True,1583,736,0.10847838874518359,0.4846881639337571,683.9948729099865,0,0.43972573254818187
23,294,137,11.002435746092686,12.339665920555989,11.599896443514044,1068.2161127670347,177.96642227768882,3.5442504914007316,949.0645384606136,1198.5660188085776,218.45983507791902,133.35413226130197,30.935461539386438,75.54978310533583,0.18966592055598852,0.14756425390731387,False,True,1677,1064,0.10733698589039606,0.5460948340356814,684.4096928718692,0,0.440644963577125
24,283,139,11.001488644851051,12.333552339508946,11.6023419508171,1068.8132845581677,180.63869416343434,3.669320748788549,947.4385082604263,1200.772401164274,222.47443462157685,137.3687318049598,34.10629406812177,77.36376403661318,0.183552339508946,0.14851135514894942,False,True,1677,1133,0.08100597314832664,0.5641076856886343,683.6326314083387,0,0.43490144340040604
25,283,129,11.002806076592062,12.333589190035411,11.605707781806275,1068.809685015617,181.93896911029893,3.672046631596721,945.1864398178797,1201.6749568135583,225.86998426960497,140.76428145298792,38.16347380923696,78.80459156874453,0.18358919003541097,0.14719392340793824,False,True,1694,1195,0.08910996173707231,0.5813890378685495,683.550950874487,0,0.43901633305067983
26,254,99,11.001654263939072,12.31095965082552,11.626115253619497,1071.0201280208698,196.6336065293741,3.820780226978283,930.0940099605381,1214.6805116743435,253.13711388433364,168.0314110677166,79.26701338814894,91.25842733815927,0.16095965082551977,0.1483457360609286,False,True,1751,1605,0.10717739272055325,0.7170274626797251,692.4065946152682,0,0.441317727764864
27,305,159,11.00039128527686,12.34695360542414,11.589544343989754,1067.504255053476,172.06721684233287,3.387365627972492,953.8123072253208,1193.7962205105305,207.3167843066675,122.21108149005045,26.18769277467925,70.94699741222547,0.19695360542413987,0.14960871472313997,False,True,1583,737,0.10844410970130847,0.4846881639337571,683.9068925273552,0,0.4368056428747383
28,266,105,11.001487365069753,12.32215994955839,11.62087034385156,1069.9260879804763,189.94474953337732,3.5302701509873806,934.4475293684716,1206.1658002656213,244.03663053754315,158.9309277209261,57.88407116277108,86.67864472533465,0.17215994955838987,0.14851263493024724,False,True,1763,1419,0.10652191958805632,0.6765520306055683,678.2026019895983,0,0.4350045767262349
29,292,142,11.000193192505694,12.33887039039183,11.597311857244485,1068.2938197883766,177.35314559504224,3.52510856272031,949.5101630076888,1198.5601047457073,217.45041898917304,132.344716172556,30.48983699231121,75.20453156878784,0.1888703903918305,0.14980680749430597,False,True,1673,1041,0.11559083713726105,0.5377337827995247,683.9506555840476,0,0.4377137105496096
30,244,89,11.000057950475105,12.305549956418131,11.631407777211503,1071.548544488021,199.80264719957808,3.704512976664038,926.8920873167891,1216.368352318199,259.8032219366413,174.69751912002425,85.8446173196088,94.18141130975587,0.15554995641813107,0.14994204952489554,False,True,1766,1692,0.07274713708577236,0.753391151339917,687.9439494344897,0,0.43368879705799684
31,266,98,11.002399562061001,12.322368698343224,11.622776323489589,1069.9056974949904,190.53443028151122,3.500066004975896,933.7440042448706,1206.2039854200689,245.02407076434724,159.9183679477302,58.6639665952672,87.09303538762971,0.17236869834322377,0.14760043793899946,False,True,1771,1434,0.10751316955862643,0.6836690492512552,676.3308886105148,0,0.43516659855411144
32,263,101,11.000548889223593,12.319834368161677,11.62183010336929,1070.1532497041267,190.84851329352006,3.5122626771598604,933.8984261925119,1206.6850509631429,245.27266473142674,160.1669619148097,59.47167573377385,87.24516338738418,0.16983436816167696,0.1494511107764076,False,True,1770,1430,0.10823846975999445,0.681990380350064,676.3308886105148,0,0.43250604276391214
33,275,119,11.000097839892005,12.32761834691006,11.612888502682079,1069.3929142320576,185.08690366409024,3.533545519933521,939.4465608069949,1202.071553850477,235.64646683707883,150.54076402046178,44.69654689395895,82.83160233906422,0.1776183469100605,0.14990216010799529,False,True,1734,1314,0.11184590411764792,0.6296384235513771,675.6609845045341,0,0.4351134164521184
34,257,100,11.001715167083498,12.312856201776603,11.623941570850452,1070.8348737942624,195.47263018303505,3.8602199935880077,931.1785400162306,1214.3560410019973,250.91718831909373,165.81148550247667,77.5335419877639,90.3078707839971,0.1628562017766022,0.1482848329165023,False,True,1747,1568,0.10846661325939264,0.7046695244389847,692.7636571256229,0,0.4439480887446522
35,302,155,11.002400703874887,12.346131346917938,11.590169717472314,1067.5845728870172,172.07450213390192,3.425074010404454,954.2352134704312,1193.5500008266788,206.63324173025535,121.5275389136383,25.764786529568823,70.46118312825945,0.19613134691793732,0.14759929612511336,False,True,1569,674,0.05823413620254428,0.4848265793882772,678.5878310914252,0,0.4319454636005059
36,265,115,11.00237204426275,12.31870292327322,11.615828057468299,1070.2637687215597,190.56883226782773,3.9305031869229974,937.3471511574384,1209.8513278882283,240.16655801604668,155.06085519942962,62.355504619018234,85.47592499584998,0.16870292327321934,0.14762795573725107,False,True,1695,1378,0.057035295489393775,0.6495402314172704,688.7493793338093,0,0.440681067999552
37,242,88,11.000708628775916,12.304534251497456,11.632773101142448,1071.6477580785468,200.66996170088865,3.7338679951689198,926.6206912074069,1217.0755537623743,260.49015091025774,175.38444809364069,87.53041631734163,94.51212629841953,0.1545342514974557,0.1492913712240842,False,True,1777,1704,0.11762879939343411,0.7546270664726994,688.7049224983862,0,0.43356368795325717
38,270,124,11.001069743160794,12.32134148051223,11.610525431422861,1070.0060356613396,188.4020410406565,3.878830653399345,940.8146247767061,1209.131802914607,234.3836712915944,149.27796847497734,57.44898105250809,83.04736060160758,0.17134148051222908,0.1489302568392059,False,True,1674,1318,0.06665784719753726,0.6170265380596711,688.7477207201762,0,0.43987819279955465
39,280,117,11.003228390473836,12.331111389027258,11.613906629974995,1069.051715481028,184.6987641941801,3.5636993652292137,940.2812281070451,1201.3470041738906,233.67276055377147,148.5670577371544,42.41278024073608,81.94884993414196,0.18111138902725799,0.14677160952616397,False,True,1731,1311,0.11267488908118913,0.6236569584196071,678.3719390385811,0,0.43933065034738394
40,247,86,11.000424583455533,12.311093565986742,11.630478210560018,1071.0070472493483,194.8803005926269,3.6223572630400898,927.0063853164713,1211.2791141249506,257.6110537175772,172.50535090096014,75.55184293342995,92.67181585375744,0.16109356598674118,0.14957541654446693,False,True,1829,1557,0.10531495636931087,0.7505829655339349,651.2863448508273,0,0.43207314920577505
41,261,96,11.001070221616283,12.316423839305699,11.6260072781735,1070.486388597633,193.40397726844932,3.4987974170378537,931.064290573257,1209.3102189941603,250.21651595696812,165.11081314035107,67.5561474150636,89.54106749182304,0.1664238393056987,0.14892977838371735,False,True,1776,1510,0.06598913750359188,0.7127492422111924,676.1316359869542,0,0.43511818024390503
42,238,86,11.000195443905616,12.303109279298072,11.634156220098532,1071.7869487090734,201.4258472344076,3.6724026275471076,924.8854808258403,1218.314313436312,263.9221683565146,178.81646553989754,91.74314604678364,96.06518565846035,0.1531092792980715,0.14980455609438437,False,True,1777,1725,0.0752291602510192,0.7728197776646143,684.4008828680903,0,0.4309821558045757
43,236,85,11.000852205196235,12.299611310457806,11.636385255777698,1072.1286287001767,204.0407734370386,3.805782086221689,923.951683484157,1221.0519475854035,266.765475524552,181.65977270793496,98.15221168664993,97.49444506045893,0.1496113104578054,0.14914779480376517,False,True,1777,1752,0.10700462647779667,0.7834250702205091,692.4065946152682,0,0.43520060243266967
44,280,127,11.002539731309184,12.331827266360712,11.607448967270104,1068.9817889116214,182.88303243510956,3.6761075863253176,944.3293735503703,1201.920840350529,227.46491689958702,142.35921408296997,39.512307150687775,79.47241017145193,0.18182726636071145,0.14746026869081597,False,True,1704,1237,0.08848294644062764,0.5896079167595599,683.5100088730204,0,0.437665772280791
45,281,127,11.00336188899474,12.333001436664846,11.606977128829524,1068.8670964951623,182.45379759826676,3.695591748082789,944.7008798082455,1201.6552837043464,226.69393370214493,141.58823088552788,38.60968760044727,79.14292041889942,0.18300143666484558,0.14663811100525947,False,True,1695,1225,0.08046157150927337,0.5868374091828356,683.5237436691611,0,0.4382075227596665
46,254,91,11.003516294768291,12.3112968857884,11.62916084037347,1070.9871870644304,197.85758150000132,3.8046234892783946,928.472053158232,1215.5700724219062,255.97428431187893,170.86858149526188,82.6680916855803,92.50809336696548,0.16129688578839918,0.1464837052317094,False,True,1754,1643,0.10684136664423294,0.7333037453721597,692.7358319267477,0,0.44349377251758176
47,275,120,11.00044606287644,12.327760434086297,11.612640463657172,1069.3790352218593,184.9985533105312,3.570641436694452,939.8151962515666,1201.679646227073,235.074221694906,149.96851887828893,43.544096202579226,82.5362059828959,0.17776043408629683,0.14955393712356013,False,True,1721,1313,0.05740695753571219,0.6296384235513771,675.7128981276289,0,0.4347493397515022
48,254,92,11.000223591365444,12.311431276897073,11.628358390585106,1070.9740598026174,196.01388992922236,3.554826669337226,929.1267301233589,1212.1241975928615,254.34994035981447,169.2442375431974,75.12166506236406,91.52401317285201,0.1614312768970727,0.14977640863455655,False,True,1776,1583,0.06391765751869329,0.7307641785938074,678.3202988919421,0,0.4338659721309799
49,255,98,11.002886860821606,12.312099469777944,11.626456354118439,1070.9087910286355,196.5216997165377,3.8215183089861244,930.4820930697686,1214.2153188919308,252.26855983425128,167.16285701763422,77.94854471409303,90.85882196089622,0.1620994697779441,0.1471131391783942,False,True,1747,1598,0.0886624799030425,0.7146169799930274,692.9309430780373,0,0.44122275128137256
50,280,123,11.003603688878123,12.332624133650237,11.61015469467629,1068.9039512804736,183.7912176534201,3.641826095381479,942.5602748361778,1202.6890545949884,229.90605968635487,144.8003568697378,42.81783435379907,80.53073018741493,0.18262413365023633,0.1463963111218778,False,True,1729,1282,0.10946268109317848,0.6023700681071168,683.9654104676639,0,0.44072071635371934
51,277,128,11.000627230630053,12.328123180917142,11.608013225389985,1069.343602277941,183.3182363284062,3.6941560471789154,943.661234209451,1200.7018380374982,229.23157712021543,144.12587430359838,37.7424418655454,80.10281353725354,0.17812318091714197,0.14937276936994692,False,True,1709,1251,0.056902190290591646,0.5982232481574437,678.2517893329427,0,0.4343268252277196
52,269,114,11.000116386148795,12.324376026622438,11.615498212677146,1069.7096225898526,187.1458354510163,3.55223652227001,937.9635180626162,1203.8325174451063,238.40093481940528,153.29523200278823,49.70151682759638,84.13346705336788,0.17437602662243812,0.1498836138512054,False,True,1752,1344,0.10381756354413404,0.6440538807605116,678.168627958807,0,0.4328815726752888
53,283,142,11.000051632594538,12.33343656144442,11.598384046675392,1068.824593706349,179.59392381273256,3.720369029559176,947.7302555161215,1201.3459030411072,222.07129608224534,136.96559326562829,34.961550566093024,77.3056800188863,0.18343656144442022,0.1499483674054627,False,True,1646,1099,0.06120514297678652,0.5573757901992643,678.2613199310842,0,0.43529673308213584
54,254,83,11.002615882557759,12.313659723689245,11.63141887372624,1070.7563861425751,194.52008271332457,3.6267545535278947,927.2628701170842,1210.7641271524299,256.7078554308788,171.60215261426174,74.26538418777557,92.2433591241945,0.16365972368924453,0.14738411744224145,False,True,1824,1553,0.08619289100738356,0.7505829655339349,651.4919042141491,0,0.43802326657439455
55,280,140,11.000629812882313,12.327692311092875,11.601839481978843,1069.3856894446196,184.50003213899936,3.768655701971514,946.7279504878022,1207.2783578247474,224.5226278104584,139.41692499384135,47.82876516169267,78.9846934312794,0.17769231109287453,0.1493701871176878,False,True,1576,1162,0.05669162627093571,0.5685856386108092,688.7521882085659,0,0.435603688158091
56,257,97,11.003094160378229,12.312763087015211,11.626407339200382,1070.8439692014676,196.40209306248292,3.841776263575085,930.2999391359106,1214.4698468382496,252.4462142174217,167.34051140080464,78.63975454058868,90.95473649956328,0.16276308701521103,0.1469058396217715,False,True,1749,1601,0.10698437066272869,0.7146169799930274,692.9309430780373,0,0.44441333642995867
57,274,117,11.000363361554239,12.327020628977277,11.614204500446357,1069.4512990454152,185.64235390547762,3.5065194907688757,939.6046581188846,1201.6483143560333,235.5031487705428,150.39744595392574,43.69197059318208,82.72798098671629,0.17702062897727622,0.14963663844576125,False,True,1732,1314,0.08680164848515061,0.6320470726792091,675.9752880073052,0,0.43242518355318826
58,301,149,11.003526307367475,12.344876155237056,11.593356732224999,1067.7071794343947,173.579742411575,3.556570169383161,951.9952175134663,1194.565400310333,210.9769116212974,125.87120880468035,28.004782486533713,72.18619151624259,0.19487615523705593,0.14647369263252585,False,True,1600,857,0.05273820749944414,0.5113181921220102,676.8738162170724,0,0.439694331452871
59,255,93,11.00057462562973,12.314121424207723,11.627159614585482,1070.7112874477998,194.4863564859804,3.5458073766834577,930.0533419848148,1210.3944821684288,252.23301278583813,167.12730996922107,70.73562235204281,90.4568201347823,0.1641214242077229,0.1494253743702707,False,True,1780,1537,0.11269151875949088,0.7186896198045721,675.1408328101046,0,0.4325315222775335
60,241,83,11.001894989122764,12.304218695816147,11.635914856954123,1071.6785814126927,201.6945800058941,3.6818348955865754,924.9105664549988,1217.8683878603329,263.60020121700575,178.4944984003887,90.82620926566688,95.87560398726545,0.15421869581614622,0.14810501087723615,False,True,1780,1723,0.09538057034396759,0.7728197776646143,683.7349854174096,0,0.4335325746039058
61,280,125,11.002943951446236,12.3317223098128,11.608411637572082,1068.9920410190316,183.26474272782414,3.681339368152739,943.6929811386447,1202.1662429367166,228.42998705092077,143.32428423430372,40.63950473478849,79.88575235850563,0.18172230981280002,0.14705604855376464,False,True,1708,1259,0.08848294644062764,0.5946711694426638,683.5100088730204,0,0.438901885863299
62,246,87,11.00168852893546,12.306883047023035,11.63264009711687,1071.4183288094775,199.8910355040066,3.7061522283392563,926.943979933526,1216.118623125858,259.4102986913475,174.30459587473047,85.29326631819004,93.97858428055231,0.1568830470230349,0.1483114710645399,False,True,1776,1688,0.1071269793796501,0.7515741009119944,687.9439494344897,0,0.4356630131104501
63,254,94,11.002882969380506,12.311221649545828,11.62826207103507,1070.994536106083,197.31861571820937,3.783947110969844,929.5863754698286,1214.5399605830896,253.98004251451414,168.87433969789708,79.49354569635068,91.59183858978696,0.16122164954582807,0.14711703061949422,False,True,1754,1622,0.10556060131622885,0.7238528558345743,692.4065946152682,0,0.44070227793944083
64,258,106,11.00020300893435,12.31349343220333,11.620269839243635,1070.772629418607,193.9674838342687,3.8550546237965935,933.4204695230774,1213.560328195488,247.11210005156533,162.00639723494828,73.70018686789854,88.65302234303716,0.1634934322033299,0.14979699106565114,False,True,1739,1491,0.10700462647779667,0.6828012227560561,692.6691640072199,0,0.4412398639783657
65,295,141,11.00251669758843,12.340127069562335,11.597898788315804,1068.1710679437194,177.3322953476899,3.5708017607388256,949.6263649324218,1198.5187624631806,216.9666503797049,131.86094756308785,30.37363506757822,74.99225875115566,0.19012706956233494,0.1474833024115707,False,True,1658,1036,0.09173263770473415,0.5377337827995247,683.9506555840476,0,0.4406242326577563
66,241,83,11.002031624420399,12.304504133591207,11.635837298030413,1071.6506999817766,201.56295293060592,3.6570707054232843,925.1709596480048,1217.6806529759324,263.1049078501886,177.99920503357157,90.19034630386,95.65850313547357,0.15450413359120674,0.14796837557960174,False,True,1777,1721,0.0752291602510192,0.7728197776646143,684.4008828680903,0,0.43232507717145874
67,257,97,11.000004313125903,12.31509125246564,11.625460247321135,1070.616555068653,193.5799371745671,3.503157815748171,930.9137846360185,1209.6919876951465,250.69664160733316,165.5909387907161,68.47019075427454,89.77402788494831,0.16509125246563983,0.1499956868740977,False,True,1777,1510,0.08408770126171657,0.7115992282038527,675.4192974003143,0,0.43186751093840603
68,301,163,11.000428332018046,12.345583013243896,11.587326446743472,1067.6381338686667,171.04910959581278,3.3794672382236235,955.4776381194094,1193.0196327195154,204.40508468122027,119.29938186460322,24.52236188059055,69.59812730887957,0.19558301324389582,0.1495716679819541,False,True,1550,602,0.05426878913755738,0.46637184060919296,676.6590295472662,0,0.42718989900101617
69,290,129,11.004764993315511,12.338033338958533,11.60658408234466,1068.375582588263,181.01744772625773,3.616371710709198,944.7692657729617,1200.832839608628,225.6916699710215,140.58596715440444,36.89641344429447,78.63126570745845,0.18803333895853314,0.14523500668448897,False,True,1706,1217,0.10835517916544209,0.5833790376105891,683.550950874487,0,0.44559634083166
70,275,128,11.00009714494285,12.32718662041152,11.608225102655208,1069.4350850783053,183.79591237618413,3.7160211092448456,942.522342513271,1201.821619309101,231.1327622155851,146.02705939896805,41.12089610493081,80.98224042890688,0.17718662041152022,0.1499028550571495,False,True,1712,1283,0.05852537298271525,0.6056012191546816,678.2979924858538,0,0.43553767185688175
71,238,83,11.002405470289137,12.303642260148285,11.63708398385496,1071.734887384214,201.72946962340947,3.7000275717802125,923.9971774083591,1218.3183271550338,265.08493961571196,179.9792367990949,92.63947690170846,96.54429703818684,0.15364226014828475,0.1475945297108634,False,True,1784,1724,0.05829106068439478,0.7846619332786287,675.9330649976603,0,0.43229896670818635
72,290,136,11.004187930218299,12.338137865069482,11.603497658303848,1068.365372525692,179.66564663386416,3.6306281168351924,947.4266270355213,1199.3940268916479,221.65152773031718,136.54582491370013,32.57337296447872,76.87959806365375,0.18813786506948205,0.14581206978170158,False,True,1685,1133,0.08714850538266905,0.5641076856886343,683.6326314083387,0,0.4409398928517483
73,301,149,11.002900239828424,12.344165603833988,11.593145538184249,1067.7765857693523,173.64466435488862,3.5540692612361267,951.9859572093424,1194.6287158799257,211.12991299803605,126.024210181419,28.01404279065764,72.2509235981737,0.19416560383398718,0.14709976017157622,False,True,1602,857,0.054455229854463244,0.5113181921220102,676.8384101736342,0,0.4396425331815963
74,297,150,11.001636471776207,12.341733242066349,11.593458321385816,1068.0141777505955,175.43278694147267,3.501868939537901,952.0147896865544,1197.0769927932163,211.68137758416867,126.57567476755162,27.985210313445577,72.85569275676875,0.19173324206634845,0.1483635282237934,False,True,1602,869,0.08095281407088156,0.5097985841824677,684.1403101348524,0,0.4343326604689488
75,248,92,11.000709169840704,12.308452204382764,11.630237587963292,1071.2650542386918,198.4697553814361,3.700139649778979,928.1255842249473,1214.7418495349996,257.00330464297065,171.8976018263536,81.35811484505189,92.85712346429732,0.15845220438276364,0.14929083015929656,False,True,1758,1650,0.057210903420610235,0.7427652498865253,687.9506206090875,0,0.4345536686040339
76,297,149,11.001582663440539,12.341728814931122,11.593749724747104,1068.0146101911357,174.552132649553,3.5613709850920765,951.4811236278811,1195.50417946407,212.5767205529993,127.47101773638224,28.51887637211894,72.9048153149641,0.19172881493112115,0.14841733655946143,False,True,1616,893,0.06252999783704938,0.5171663722375068,678.3988817055512,0,0.43720145661938903
77,246,92,11.000760254027682,12.307538729369348,11.630118763652327,1071.3542820588127,198.8211507306633,3.7217237465739728,927.5326787265639,1215.7444362543956,258.2026838582907,173.09698104167364,83.95619378222739,93.45349601328428,0.15753872936934776,0.14923974597231826,False,True,1769,1655,0.10672490647737295,0.7427947164230874,687.9506206090875,0,0.43500293248033284
78,290,141,11.000752217494789,12.33748736005037,11.598378333760767,1068.4289135574606,178.0531371867304,3.5640249503842485,949.2082210222604,1199.0379399553817,218.43688611223843,133.33118329562137,30.79177897773957,75.60189628695919,0.18748736005036903,0.14924778250521165,False,True,1671,1055,0.10024925351234036,0.543046337087738,683.550950874487,0,0.4365848285800276
79,258,94,11.000397758673115,12.315136200266329,11.626080302488154,1070.6121645881115,193.81341097757473,3.5178548791992563,930.4266753587353,1210.084330454132,251.4816978063718,166.37599498975476,69.74198554952864,90.14789616469163,0.16513620026632836,0.14960224132688538,False,True,1775,1532,0.05605399323199166,0.7186896198045721,675.5206125965731,0,0.43414403453369355
80,238,82,11.001976561212144,12.302494802781261,11.637894370260964,1071.846970493214,202.32937385225,3.726683039717375,923.313298514212,1218.6209711602285,266.5775696250349,181.47186680841787,93.92864380624496,97.12524864853786,0.15249480278126093,0.14802343878785607,False,True,1801,1728,0.13281982145804871,0.7850513156647944,675.6659686836663,0,0.43446420216254955
81,275,124,11.00064134496425,12.326957049502276,11.61168507289714,1069.4575094593752,184.90580946997125,3.599800365748871,941.434866059652,1201.4765371184549,232.75447754992888,147.64877473331183,41.51820817725775,81.58565458500723,0.17695704950227586,0.14935865503574952,False,True,1733,1298,0.06388122044565307,0.6170917062046409,678.4009798965335,0,0.4337866443039927
82,295,147,11.00093725640533,12.33996274640008,11.59517252918995,1068.1871189547733,176.46777563652577,3.550103039310917,950.41152040121,1198.2584925842382,215.19789022845487,130.0921874118378,29.588479598789945,74.3103490781114,0.18996274640007904,0.14906274359467098,False,True,1638,978,0.09173263770473415,0.5267842844389771,683.9506555840476,0,0.4380204204452075
83,238,82,11.001956713009156,12.302377189305114,11.63737662276852,1071.8584589236061,202.13420539988613,3.708077464138909,923.6950525182702,1218.763863858267,265.8285782336079,180.72287541699086,93.83267519826393,96.89412387834638,0.15237718930511335,0.1480432869908448,False,True,1785,1725,0.05965832466385737,0.7869640062745035,674.63420167853,0,0.43292752158175335
84,280,128,11.000124494030233,12.33265923481384,11.607549855179988,1068.9005226149204,183.2010860490265,3.584287110177319,943.0045269184214,1203.5970227947744,229.28623165166562,144.18052883504856,44.1895186711273,80.28841468217159,0.1826592348138405,0.14987550596976718,False,True,1741,1268,0.21593146619720371,0.5946711694426638,683.2920176314541,0,0.4411578520016691
85,263,91,11.002390627080095,12.319378013389787,11.625916184531315,1070.1978262287873,191.96213383610902,3.4788185413901376,931.3181129163944,1207.9976357455075,249.2015826241751,164.09587980755805,64.67715857462065,88.99953999002126,0.16937801338978709,0.14760937291990572,False,True,1779,1464,0.0542177582648691,0.7118706979901954,667.4253560019131,0,0.4352414881306484
86,269,115,11.000041644700952,12.324419875733025,11.615263838851948,1069.705339428876,187.05675546829582,3.5572517491770252,938.0336226901182,1203.8547075604135,238.2878629962628,153.18216017964573,49.67579243070884,84.08943269186705,0.1744198757330242,0.14995835529904866,False,True,1752,1344,0.10652194392442833,0.6430782868369189,678.168627958807,0,0.43302245831078645
87,290,138,11.001986878231687,12.337788112691424,11.600510334126444,1068.3995361774887,178.72218566921575,3.581136560751174,948.5390641422758,1199.325745785897,220.07801359358984,134.9723107769728,31.460935857724166,76.2611687435331,0.1877881126914236,0.14801312176831338,False,True,1679,1089,0.09998873899512432,0.5531327582868302,683.9105188797047,0,0.43837018201845324
88,262,117,11.000230452648115,12.315508788123283,11.614876575329186,1070.5757703772283,191.15421941857724,3.9449851743754345,937.4042729578346,1210.759128464337,240.6709885013754,155.56528568475835,64.1139839708394,85.77652419254886,0.16550878812328307,0.14976954735188563,False,True,1694,1376,0.057035295489393775,0.64883947669975,688.7493793338093,0,0.43843229289442875
89,235,84,11.00108965441862,12.301122834079184,11.637315982059302,1071.9809837664573,202.2272554018348,3.735357274071142,923.2123294591497,1218.7212445391817,266.889091273885,181.78338845726796,94.23015961921374,97.30597872647753,0.15112283407918348,0.14891034558138116,False,True,1801,1725,0.10571851337525705,0.7868635447973067,672.5242250355179,0,0.4317853200655615
90,247,92,11.00116789169058,12.307996613417973,11.630326132469628,1071.3095561550624,198.76749768793624,3.721524699891996,927.6450051693586,1215.6433636186348,257.9498288513207,172.84412603470366,83.64172206791102,93.33154728865892,0.1579966134179731,0.14883210830942062,False,True,1769,1655,0.10672490647737295,0.7427947164230874,688.779764858272,0,0.435774213072655
91,246,89,11.001852074628784,12.307274656729735,11.632128338581468,1071.3800765530555,199.73070734317608,3.724895248273195,927.1779745271178,1216.1138460560896,259.01052383485626,173.9048210182392,85.04971758506144,93.8165801591658,0.15727465672973473,0.1481479253712159,False,True,1766,1685,0.08619289100738356,0.7505829655339349,689.8602792487357,0,0.43559797796848015
92,232,84,11.000487851233945,12.29963198733781,11.63749381158061,1072.1266089919807,202.92146957975075,3.7367073756660325,923.214812061312,1219.3599369163346,267.30797964573753,182.20227682912048,95.50506177135719,97.54202911426358,0.14963198733780914,0.14951214876605512,False,True,1796,1730,0.1084268742046846,0.7877475494286136,675.4591940755854,0,0.42910503420348184
93,246,92,11.00010281289177,12.307295956648776,11.629967116696916,1071.3779959867209,198.75386211742384,3.71693782922394,927.9900323152515,1215.171841111116,257.4575750685201,172.35187225190305,82.35364990698054,93.09600248256938,0.15729595664877571,0.1498971871082304,False,True,1757,1651,0.061230733464604656,0.7427652498865253,687.9506206090875,0,0.4334027865036729
94,263,117,11.001640937767172,12.317794264913271,11.615581131757397,1070.3525260531753,190.66389230078278,3.929602034360354,937.3519132664992,1209.9088896762444,240.3377328732064,155.23203005658934,62.465866085989546,85.5543229989893,0.16779426491327065,0.1483590622328279,False,True,1697,1377,0.056965214339896354,0.6495402314172704,688.4411014908652,0,0.43879053251503536
95,254,83,11.002664172526494,12.313756039830398,11.631530452879842,1070.7469780261195,194.75652680196018,3.613223022115179,926.9963866122918,1210.9581044011247,257.12671973451904,172.021016917902,74.9198221899577,92.44156834942422,0.16375603983039788,0.1473358274735066,False,True,1822,1564,0.10531495636931087,0.7505829655339349,653.8516514626732,0,0.43817818964132493
96,295,144,11.00114589897938,12.340016372940621,11.597017181788924,1068.1818807389307,176.90013592347628,3.525008534648151,950.0576432032135,1197.9754155685448,216.03287238418181,130.92716956756476,29.9423567967865,74.58119020773991,0.19001637294062057,0.14885410102062124,False,True,1667,1008,0.10733698589039606,0.532099095912356,684.4096928718692,0,0.43931677365090277
97,302,157,11.00206270888515,12.34621540675392,11.589613644788777,1067.5763619607753,171.95968844775567,3.431083295464178,954.070893743232,1193.902758080227,206.90189736117475,121.7961945445577,25.929106256768023,70.60456938123635,0.1962154067539199,0.1479372911148502,False,True,1564,688,0.05823413620254428,0.4858485645708952,678.5878310914252,0,0.43241417209996913
98,263,92,11.003023892906254,12.320959304470293,11.625762132005221,1070.0433664417137,191.38032045491917,3.4698142192995345,931.6194767079062,1207.407970778655,248.46167479299606,163.355971976379,63.19646484940381,88.6225826335712,0.1709593044702924,0.14697610709374587,False,True,1781,1455,0.06597401374517385,0.7088316771516096,666.577082955976,0,0.43455683286041646
99,306,154,11.004680743625654,12.347346604065853,11.591894905788706,1067.4658671264963,173.8422335473339,3.4504588707862256,953.6552671270545,1195.9810468808785,207.49416968767866,122.38846687106161,26.344732872945542,71.20616274347766,0.19734660406585292,0.1453192563743464,False,True,1547,763,0.05893657550484609,0.4911268028182042,683.9088434164192,0,0.4371658115666429
100,258,106,11.000206528945652,12.313414834913418,11.62035375159933,1070.7803067658244,194.03324407398674,3.8562512556301107,933.2848108990352,1213.6247456268468,247.34055758087538,162.23485476425833,73.96468035465841,88.75598236287756,0.1634148349134179,0.14979347105434826,False,True,1739,1495,0.10700462647779667,0.6836556849178153,692.4065946152682,0,0.4414831785729267
101,234,85,11.000233762354766,12.300885951332004,11.636604828487336,1072.0041223644848,202.28288391560866,3.7349369624641757,923.1864548064225,1219.1086830045565,267.1221569724635,182.01645415584642,95.0309112026905,97.40357859957484,0.150885951332004,0.14976623764523467,False,True,1799,1729,0.13281982145804871,0.7850513156647944,675.4869686566034,0,0.4314251703230492
102,288,146,11.001086493576578,12.334981043621337,11.596397367020533,1068.6737293961032,180.26015889153803,3.6298017976038066,950.121182629976,1202.9322738284466,216.8995579995286,131.79385518291156,35.743365026917104,75.66211195563416,0.18498104362133638,0.1489135064234226,False,True,1549,1026,0.05957638016760984,0.5331747361942154,687.9407429503838,0,0.4316836829340256
103,263,91,11.00394608197939,12.320992858847589,11.627193336456534,1070.0400888655379,192.1041702877331,3.5023916912901307,930.857897868108,1207.7498986434616,249.60074289186366,164.4950400752466,64.64189941881523,89.105484994425,0.17099285884758864,0.14605391802061085,False,True,1783,1484,0.10724948054521917,0.7118706979901954,668.3005719911288,0,0.4366318460122242
104,254,91,11.003437662800742,12.311454232107357,11.629129113247007,1070.9718175482103,197.6069400268343,3.7775841025802652,929.1867032200906,1214.6924669864695,254.64674965729762,169.54104684068056,80.19823075284842,91.87907337772086,0.16145423210735643,0.14656233719925815,False,True,1754,1631,0.10717739272055325,0.727975936531241,692.4065946152682,0,0.44109824212932447
105,254,87,11.002052843646524,12.313953526996757,11.629543135750014,1070.7276875703226,195.53429376367671,3.5914183431681197,927.7995543777522,1212.0455545468874,255.96836494600518,170.86266212938813,76.29155471602257,92.1560331275531,0.1639535269967567,0.14794715635347622,False,True,1783,1594,0.10989110758461798,0.7376813551467221,672.3641491653209,0,0.4369326540552184
106,290,138,11.002020089237902,12.33788068534485,11.600487991860167,1068.390493723207,178.69659269103502,3.5796272895304044,948.5547755393056,1199.3178290845735,220.02710908605218,134.92140626943512,31.445224460694362,76.24099246247938,0.18788068534484914,0.14797991076209804,False,True,1679,1089,0.1003498592067235,0.5529440887201753,684.0055995547108,0,0.43833914795164514
107,234,84,11.00047988222954,12.300795171313762,11.636528042608214,1072.0129897149973,201.94105876694084,3.705407795025287,923.9567092916101,1218.669859996548,265.53273902252477,180.4270362059077,93.38301070148589,96.7524849286496,0.15079517131376186,0.14952011777046081,False,True,1789,1721,0.060491888140610475,0.7846619332786287,672.3346714350679,0,0.42868380003107365
108,283,137,11.003845653308302,12.331870679007746,11.602985598884533,1068.9775483841734,183.86547496395858,3.75617387527523,946.8090274488688,1206.5027218436849,223.59634887121626,138.4906460545992,46.19641623850089,78.51423567759873,0.181870679007746,0.14615434669169858,False,True,1564,1161,0.05049079866034312,0.5685856386108092,688.7521882085659,0,0.4373183153147083
109,280,140,11.000679226336894,12.327755888855954,11.601860465033399,1069.3794791979242,184.49614876044316,3.768425879712834,946.725306460082,1207.2730336700954,224.51446644908344,139.4087636324664,47.820760880108764,78.98141055821874,0.17775588885595361,0.14932077366310637,False,True,1576,1162,0.05669162627093571,0.5685856386108092,688.7521882085659,0,0.43560477309451984
110,274,114,11.000727571244019,12.326747084889337,11.61535505491583,1069.4780187064064,186.19952184441476,3.493806537369478,938.4301003910571,1202.3855291864943,237.31222356819683,152.20652075157977,46.340957981931524,83.55029912937049,0.1767470848893371,0.14927242875598168,False,True,1736,1329,0.10611500157396928,0.6405918448737425,675.4214142466076,0,0.43400905684175384
111,283,137,11.003093173526556,12.330856775767195,11.60271115913236,1069.076585987427,183.9701207559705,3.7624033917412403,946.7659676786735,1206.6088973464962,223.85367321646174,138.7479703998447,46.45182701431884,78.62001364316234,0.18085677576719483,0.14690682647344389,False,True,1566,1160,0.05049079866034312,0.5685856386108092,687.9230439593815,0,0.43753441963442863
112,276,121,11.00115118203292,12.327432666749361,11.612117561574816,1069.411051384962,185.0368026029982,3.606006866147194,940.7976645519694,1201.8372252558038,233.60710397264597,148.50140115602892,42.87678595963814,81.97288233217331,0.1774326667493611,0.14884881796707994,False,True,1733,1301,0.06388122044565307,0.6214830588537134,678.5912018310904,0,0.435893725415386
113,301,163,11.000428332018046,12.345583013243896,11.587326446743472,1067.6381338686667,171.04910959581278,3.3794672382236235,955.4776381194094,1193.0196327195154,204.40508468122027,119.29938186460322,24.52236188059055,69.59812730887957,0.19558301324389582,0.1495716679819541,False,True,1550,602,0.05426878913755738,0.46637184060919296,676.6590295472662,0,0.42718989900101617
114,267,102,11.00437500251701,12.32123763192131,11.622661061411522,1070.0161795440313,191.9622598172174,3.7311803366076384,933.366218768269,1209.5135383572933,245.76572833038574,160.6600255137687,65.6608579463176,87.71636128987359,0.17123763192130959,0.14562499748299018,False,True,1752,1485,0.11522863499840559,0.6842880369185163,687.9439494344897,0,0.44468037610728417
115,280,118,11.003086898801701,12.331776158186972,11.61273472032964,1068.9867811345769,184.12835287221768,3.581003989068499,941.0146028339042,1201.06295342949,232.4611599053918,147.35545708877476,41.11130402507604,81.42739281788774,0.18177615818697213,0.14691310119829915,False,True,1728,1300,0.11267488908118913,0.6168349738689264,678.2868159319457,0,0.4389210822742386
116,283,137,11.003514758076163,12.331448560769918,11.602842187009761,1069.0187806999309,183.8895949184612,3.757673614266451,946.8286276331602,1206.5357072237985,223.647355385604,138.54165256898693,46.24278681443673,78.53437558492965,0.18144856076991722,0.1464852419238376,False,True,1564,1159,0.05049079866034312,0.568574264943931,688.7521882085659,0,0.43728159261942884
117,291,141,11.001436176602416,12.338503361646197,11.598640341132516,1068.329670987818,177.85190460506115,3.5595708922990736,949.2137719200036,1198.7560164360152,218.23721122968402,133.13150841306697,30.786228079996363,75.49134500654874,0.1885033616461964,0.14856382339758412,False,True,1671,1054,0.10024925351234036,0.543046337087738,683.550950874487,0,0.43754830389946014
118,277,126,11.001036512131952,12.328687106938542,11.609451324936401,1069.2885182429507,183.7612448442349,3.6644098734644386,942.0619258762665,1201.4182264195179,231.52671817263774,146.4210153560207,40.77452696276919,81.09108481521982,0.17868710693854162,0.14896348786804836,False,True,1723,1288,0.06388122044565307,0.6096167217265392,678.5912018310904,0,0.4368576800282537
119,238,83,11.001877923371675,12.302278964696054,11.637925109827714,1071.868053458347,202.35364500779752,3.7270124225809784,923.348148087387,1218.6075627215737,266.54488307721124,181.43918026059418,93.86697735576035,97.10844727941411,0.15227896469605362,0.14812207662832577,False,True,1803,1728,0.13281982145804871,0.7850513156647944,675.4869686566034,0,0.4344506938627286
120,238,83,11.002405470289137,12.303642260148285,11.63708398385496,1071.734887384214,201.72946962340947,3.7000275717802125,923.9971774083591,1218.3183271550338,265.08493961571196,179.9792367990949,92.63947690170846,96.54429703818684,0.15364226014828475,0.1475945297108634,False,True,1784,1724,0.05829106068439478,0.7846619332786287,675.9330649976603,0,0.43229896670818635
121,9,229,10.894980038634191,12.157643986402856,11.592298655945527,1086.2754964336698,223.24472358853507,4.189750362170759,919.23234840201,1252.2946993053433,300.90944151605663,215.80373869943958,165.3570502086767,115.90507592030811,0.007643986402856129,0.25501996136580907,False,False,1796,1729,0.05,0.8,650.0,0,0.24708776107408556
122,0,389,10.848051236447835,12.095719185162373,11.571375415045567,1092.5122251389264,232.8204220434611,4.3649810676346625,917.9276469127662,1267.5250159444988,315.44645206751636,230.3407492508993,197.1223849762314,124.34129346026852,0.0,0.30194876355216493,False,False,1786,1736,0.05,0.8,650.0,0,0.2768821252378643
123,238,108,10.995825730594053,12.30064101526557,11.62046716944241,1072.119669747296,201.55562724787734,4.162706011459972,925.7691289051542,1227.8298849283788,262.67199118335805,177.566288366741,109.89064095160336,96.53557838197764,0.1506410152655704,0.15417426940594758,False,False,1702,1694,0.10829106068439479,0.7346619332786286,695.9330649976603,0,0.44968970444362966
124,0,576,10.803241963068313,12.053297051541799,11.55100997740531,1098.4147431623667,242.16858798939103,4.607583229546077,916.5715295478767,1282.704934482442,329.3111055295311,244.20540271291406,228.83833941700732,132.56124673048654,0.0,0.3467580369316874,False,False,1772,1747,0.05,0.8,650.0,0,0.3196109588611704
125,0,292,10.871312750406453,12.126150515442356,11.581764366008079,1089.4457355189222,228.10035810244364,4.281320485827622,918.5799976573715,1259.9327831069172,308.26922111870476,223.1635183020877,181.28556855646298,120.15716513481141,0.0,0.2786872495935473,False,False,1791,1732,0.05,0.8,650.0,0,0.2561387071290582
126,36,199,10.90927387363599,12.17499243489413,11.599216252938673,1084.6233377595727,223.54641190806854,4.1674874289473305,920.6070565291756,1250.2158607172817,296.4332903461334,211.32758752951634,159.82466490538775,113.65023714535367,0.024992434894128834,0.24072612636400947,False,False,1770,1754,0.05403318695048982,0.8,676.7611048380226,0,0.27001966989271736
127,222,145,10.980155797117362,12.288999217178096,11.60804504997415,1073.8871397022756,220.26558655101985,4.891556488724078,909.9875568396166,1258.0960028820352,293.0734430681799,207.96774025156287,186.2044489244539,113.0949467087965,0.13899921717809605,0.16984420288263813,False,False,1357,1980,0.05,0.8,699.3628519333488,0,0.4902831551436705
128,0,674,10.795118960328423,12.051794919768419,11.524770162294791,1097.0571470068965,234.62865751952347,4.801168001040607,923.0341840078408,1284.1955484057323,314.12162011794453,229.01591730132748,225.3569128036238,126.54064219845513,0.0,0.3548810396715769,False,False,1671,1587,0.07012755700147995,0.710938468390004,650.0,0,0.31507583373110015
129,0,566,10.824142060607969,12.087588690805761,11.53655996802915,1093.4494795429955,232.88034855257655,4.984386447976563,909.6624570358949,1287.3343692298733,331.231343443386,246.12564062676893,245.00628142385176,133.1673126431879,0.0,0.3258579393920318,False,False,1658,1850,0.05,0.8,650.0,0,0.326635658251111
130,90,209,10.925096804268355,12.223404654347814,11.582558130172119,1080.1659039466633,218.31831258109,4.541637061901568,922.7690029126925,1254.8253906984853,281.50416754263654,196.39846472601948,166.88177848427813,108.9697074955203,0.07340465434781329,0.2249031957316454,False,False,1483,1706,0.0736390086266346,0.7108659628551093,690.6710826326839,0,0.3350242900288703
131,123,210,10.932429647185005,12.24230874879501,11.573272253302113,1077.9593417281633,206.4299420079389,4.439240568911466,916.6063512729039,1248.479395289075,287.9658420634165,202.86013924679946,160.3524393052461,110.12025265075265,0.09230874879500917,0.21757035281499526,False,False,1575,1696,0.07500241610056045,0.717763131215931,651.6189454027995,0,0.37155329266060827
132,323,84,11.04035189145112,12.363267168000888,11.636475329100136,1065.9107537473462,192.68970042390765,4.221122573198787,914.0094247849562,1218.8099526047222,272.3293399984085,187.22363718179145,103.61048042448817,99.90073311969861,0.21326716800088796,0.10964810854888007,False,False,1691,1833,0.05,0.8,670.3807634763874,0,0.5465786958596933
133,16,254,10.889778525271225,12.162775979819475,11.577573128547378,1085.7683443108122,218.34557353897443,4.247665728953446,923.5500951131988,1249.1715133731877,291.69968937916224,206.59398656254518,154.79293163317664,111.91171554389709,0.01277597981947487,0.260221474728775,False,False,1754,1598,0.05,0.7314425072686,650.0,0,0.24818818771196136
134,319,135,11.017147218021753,12.349147959019614,11.613736672242746,1067.743494263587,202.91490422357197,4.5636501103037945,917.6335395404293,1238.1684985071313,268.78260950993183,183.67690669331478,138.70345747383328,100.9669776304425,0.1991479590196139,0.13285278197824724,False,True,1388,1961,0.10442560566443622,0.7763582674969203,729.6526315552718,0,0.5584123413916285
135,371,59,11.077816783796596,12.428231165027142,11.654114804386314,1059.5651003301728,179.6902719440296,3.53489921549518,915.2662188483247,1198.1448144299718,257.25722707560885,172.1515242589918,64.73378115167532,92.10544432914553,0.27823116502714207,0.0721832162034044,False,False,1760,1786,0.10867544320457347,0.8,656.3368422082749,0,0.5698172264415123
136,0,342,10.85801862823055,12.107537195243435,11.576841636285348,1091.3661542873674,233.1484391342371,4.354772553772417,916.9456325574503,1266.6243752306536,315.00939171782807,229.903688901211,196.30311790385701,123.91450171345377,0.0,0.2919813717694506,False,False,1779,1743,0.05,0.8,650.859009488793,0,0.2721520814716405
137,38,280,10.886501669864165,12.176206880822333,11.562096702445013,1084.290862842984,205.0965869418273,3.9200263084140805,939.6098528208437,1233.5179898662539,264.40652252973655,179.3008197131195,107.42612691166403,98.8674728427186,0.02620688082233258,0.26349833013583535,False,False,1749,1283,0.05,0.6205601883056121,650.0,0,0.23171536209365273
138,147,126,10.96775870661825,12.265742383074679,11.614504894401017,1075.4369299842788,206.6011706586769,3.963262611988354,914.6468109821886,1233.3208466425397,288.68704099986576,203.5813381832487,131.9948823028907,108.25141731309492,0.11574238307467866,0.18224129338175032,False,False,1778,1759,0.07364039323592424,0.8,650.0,0,0.37535142625662193
139,3,370,10.872514727065466,12.153704726860674,11.566914254950126,1087.1011799667026,229.2967620360229,4.71530867241904,922.6671909928612,1270.7651124351005,294.64747608368214,209.54177326706508,198.86303387733983,116.00827855077037,0.0037047268606738015,0.27748527293453407,False,False,1606,1706,0.16050448517688726,0.7200269305396596,687.5469196766888,0,0.26846587115812537
140,89,160,10.938303629525366,12.224543998546356,11.603439128460986,1079.543577549414,211.9065840638799,4.0095830156169,917.3671208248495,1239.7180554257027,291.3868872414779,206.28118442486084,142.06899002655587,110.2070281595817,0.07454399854635518,0.21169637047463397,False,False,1778,1736,0.05,0.7894973784697943,650.0,0,0.3185368401982645
141,123,148,10.951768959103653,12.240999117582959,11.602515135523701,1078.243031011722,214.6185632776167,4.458009232369675,924.1591129499185,1247.140496542441,276.9550673589398,191.84936454232275,150.1218801349636,104.91400849617811,0.09099911758295853,0.19823104089634747,False,False,1626,1785,0.08388636367865303,0.746864595253546,699.9964354082798,0,0.3593414248006946
142,0,309,10.871374737049225,12.132853857823523,11.576517646347803,1088.8751896528565,229.32405831804044,4.6260980604289275,913.8253765407354,1267.7024961046825,315.119687493897,230.01398467727995,201.57961566862957,123.64525205890895,0.0,0.2786252629507757,False,False,1789,1806,0.17678713687869863,0.8,657.2003966808123,0,0.2783451752866283
143,79,152,10.941367406863941,12.208735170763314,11.610533465914475,1081.5768977410273,226.76957401268854,4.657037743879197,921.9338871715229,1257.9159797775028,288.39988661054247,203.2941837939254,173.8980723834827,110.62665169944222,0.05873517076331325,0.20863259313605909,False,False,1631,1838,0.05,0.8,709.3727843292436,0,0.3277161014141811
144,0,321,10.86347999842095,12.108917154286894,11.584134604712817,1091.2287775097666,233.8667343884946,4.341726004102476,918.6958920364895,1263.6267431685044,311.3506309969922,226.24492818037515,188.55759430051933,122.01779231773479,0.0,0.286520001579051,False,False,1799,1733,0.06926821116152013,0.8,650.0,0,0.2656639158600694
145,0,514,10.825255495660809,12.069830785122537,11.556162924694771,1095.2954117493598,240.8730422797058,4.917019415509764,914.2169186289137,1284.6964441786893,326.2189819672474,241.11327915063032,235.1759697284648,131.03451529779267,0.0,0.32474450433919166,False,False,1754,1772,0.10463775446751396,0.7818528759685393,650.0,0,0.3215686262524265
146,10,360,10.8778535998688,12.15877186357489,11.563900169972676,1086.6076879366885,227.28766456974557,4.680546650923379,922.581264838336,1267.2026127291203,294.2307667513048,209.12506393468777,191.8239606199047,115.95312813445268,0.008771863574889238,0.2721464001312004,False,False,1510,1677,0.05,0.711569508110757,677.3819734833106,0,0.26679030826443406
147,375,79,11.06065596514146,12.456880736397975,11.655736052543986,1057.424749927069,198.10639850733082,4.56217691369987,922.5461850438514,1215.841732226195,240.92650640443742,155.82080358782036,89.13727940853869,88.54085753511163,0.3068807363979751,0.0893440348585397,False,False,1153,2114,0.05,0.8,769.4316785270732,0,0.6074894050537187
148,0,433,10.847447645373926,12.113142242842251,11.552998030078545,1090.7539212908673,222.45809060215316,4.642492982648191,926.637680220778,1261.8982100875126,296.45054051047487,211.3448376938578,177.15873995424715,115.82139092133963,0.0,0.30255235462607466,False,False,1740,1554,0.05,0.7134248661831535,661.1413619652028,0,0.26482182776287644
149,54,251,10.90049190063509,12.185477888308625,11.573895087434822,1083.816190101773,223.04061950780823,4.6675179957832125,914.1525749176,1267.1502689841006,305.38546515497126,220.2797623383542,200.14796305060133,119.57032205899611,0.03547788830862508,0.2495080993649097,False,False,1610,1885,0.1062882530662143,0.8,691.377169787295,0,0.3261816797095451
150,201,115,10.988998089195073,12.285865810112334,11.617680943558053,1073.7828985368187,211.8667526518614,4.506906420563618,914.2456500469705,1246.4002049502237,286.0810685831333,200.97536576651623,158.55475985347698,108.45299326187194,0.13586581011233356,0.1610019108049272,False,False,1555,1857,0.055597746550434854,0.8,686.132341243923,0,0.44656372460281013
151,147,130,10.971337960197506,12.265690817817267,11.613127285757278,1075.5688586813235,209.69705385887758,4.423871673426252,913.73096286328,1241.1959636213967,290.6946027333249,205.58889991670787,148.66096437951342,109.75296572188452,0.11569081781726709,0.17866203980249473,False,False,1739,1837,0.0945283707306099,0.8,669.2902821489852,0,0.39472839654657776
152,205,98,10.99088549220747,12.290870026881777,11.625740981245475,1072.982473268421,203.7124316462673,4.008705063721659,920.4507925156194,1226.8408054514607,275.1081703882081,190.00246757159107,113.23081838730207,101.63078006282846,0.1408700268817764,0.15911450779253045,False,False,1752,1822,0.08920121203686328,0.8,691.5779525291601,0,0.42091142462244957
153,233,92,10.994734323266277,12.302395718576703,11.627435294587832,1071.8566489928417,198.61262739629484,3.8113584244608143,918.7684770283424,1220.6867749430248,274.1693751098254,189.06367229320836,102.60507285770723,100.68339852848234,0.15239571857670242,0.15526567673372327,False,False,1814,1732,0.08137424756114015,0.8,650.0,0,0.4419489556493765
154,0,500,10.823065225005635,12.05793869892322,11.561067071653826,1096.412594193121,242.05634934617305,4.728248538191086,916.8756316797009,1279.9410379491967,324.93571935680836,239.8300165401913,223.00644421869254,130.18511084021608,0.0,0.3269347749943652,False,False,1759,1763,0.058261476412045425,0.8,659.4992877651946,0,0.3110970881238473
155,55,208,10.908598250158326,12.18507170899907,11.589368048338168,1083.537629531017,218.98155617639733,4.2842865359891364,914.4842598502808,1251.7920620315606,304.5372905067194,219.43158769010233,169.09986421284043,117.26605467984965,0.03507170899906953,0.24140174984167473,False,False,1758,1759,0.05,0.8,650.0,0,0.3026630269711929
156,53,226,10.903824374946781,12.182659701476592,11.585469170147558,1083.6937886525275,215.0857018465434,4.1164602900722835,917.5692413036901,1247.4200857992428,299.2097348295058,214.10403201288875,157.27093029479545,114.57447155786218,0.03265970147659125,0.246175625053219,False,False,1795,1734,0.09377198628673838,0.7920645458231903,650.0,0,0.2905757829273029
157,370,130,11.036212318057673,12.39893849298733,11.615146248925507,1062.8951995520415,195.3068286450332,4.706214649986377,915.2303428059196,1228.7427925628797,262.75140357556256,177.6457007589455,122.2552423198398,97.49397185590728,0.24893849298732995,0.11378768194232691,False,False,1185,1948,0.05,0.7486785455938433,718.7052714537743,0,0.6082859223629891
158,0,618,10.799746591136804,12.044702749005348,11.53757678157005,1097.9986257941262,239.9031115610512,5.061990028413134,917.5999445511466,1286.8797277648991,325.9461546180561,240.84045180143903,236.15951097865172,131.81103036643233,0.0,0.3502534088631961,False,False,1723,1741,0.05,0.7664272076639577,650.0,0,0.3338806319076991
159,0,403,10.848904415043686,12.086748074927478,11.574282599094769,1093.6429385844094,241.2409444882376,4.887634990398391,920.0969746162026,1276.6194495644218,314.438878216749,229.33317540013195,213.1419245126409,125.08841160275513,0.0,0.3010955849563146,False,False,1735,1807,0.05,0.8,683.971011944517,0,0.2974670383935168
160,52,216,10.909484654102682,12.181744994508687,11.587922336701908,1084.3636829614916,230.7177166912967,4.759068452336798,916.6730943267521,1267.4005451486769,301.0579642659685,215.95226144935145,198.12799597060166,118.05324826310334,0.03174499450868673,0.24051534589731816,False,False,1542,1842,0.05,0.7781594794184767,684.5863126128419,0,0.3161906845899799
161,63,207,10.913202396591531,12.195646259187113,11.586402313538025,1082.4789364516564,213.6944681629846,4.305616410796582,921.8424806794267,1245.9230070332399,289.08954182821856,203.9838390116015,150.00353338705304,110.05070005877094,0.04564625918711229,0.23679760340846912,False,False,1758,1713,0.0924664644461088,0.7496506589031089,664.7445810307788,0,0.29948181787414346
