Q_dry_knot_1,Q_dry_knot_2,Q_dry_knot_3,Q_dry_knot_4,Q_wet_knot_1,Q_wet_knot_2,Q_wet_knot_3,Q_wet_knot_4,high_water_buffer_m,low_water_buffer_m,dry_protective_q_min_m3s,F_level_band,F_seasonality,F_smooth,g_high_level,g_low_level,guardrail_high_limit_m,guardrail_low_limit_m,constraint_violation_total,is_guardrail_feasible
980.6007358784573,980.6007358784573,980.6007358784573,1142.286142735801,995.6007358784573,995.6007358784573,995.6007358784573,1157.286142735801,0.08701791558364017,0.7869640062745035,674.7886245458227,19.052496000117216,1870.1827429236607,512.1642871817119,-0.05095850140753555,-6.820740786395163e-05,12.35,11.0,0.0,True
981.2061066871285,981.2238316184196,981.2238316184196,1142.2860341645421,996.2061066871285,996.2238316184196,996.2238316184196,1157.2860341645421,0.16571349362315507,0.7877475494286136,675.444867199461,19.13491592126622,1906.0802448164156,509.99456727128825,-0.05016781036220941,-0.00019059409554067486,12.35,11.0,0.0,True
980.4804403495264,980.4804403495264,980.4804403495264,1122.5940138643566,995.4804403495264,995.4804403495264,995.4804403495264,1151.2550576523806,0.062128199430857595,0.4313938103650248,688.425107719946,28.899057343459827,537.9512135263054,420.42480167958877,-0.00033799278888757556,-9.006322439830683e-06,12.35,11.0,0.0,True
980.5683927890867,980.5683927890867,980.5683927890867,1123.4459411823361,995.5683927890867,995.5683927890867,995.5683927890867,1151.2550576523806,0.062128199430857595,0.4313938103650248,688.4627987773994,28.874158039946423,538.2437856968952,420.389747440551,-0.00012350358171531184,-9.947214431882401e-05,12.35,11.0,0.0,True
980.0093505796609,980.6566003095289,980.6566003095289,1141.4629061864252,995.0093505796609,995.6566003095289,995.6566003095289,1156.4629061864252,0.05829106068439478,0.7846619332786287,672.3346714350679,19.20883074826862,1830.1147373684248,513.7578340445544,-0.0495112560439086,-5.4546095597629574e-05,12.35,11.0,0.0,True
980.4804403495264,980.4804403495264,980.4804403495264,1122.5940138643566,995.4804403495264,995.4804403495264,995.4804403495264,1151.2550576523806,0.062128199430857595,0.4313938103650248,688.425107719946,28.899057343459827,537.9512135263054,420.42480167958877,-0.00033799278888757556,-9.006322439830683e-06,12.35,11.0,0.0,True
980.0267616780833,980.68675824176,980.68675824176,1142.9157507383593,995.0267616780833,995.68675824176,995.68675824176,1157.9157507383593,0.11762879939343411,0.7546270664726994,688.7049224983862,19.962549311194348,1684.2137866700698,494.31337547980917,-0.045669275680674914,-0.0003951755695190684,12.35,11.0,0.0,True
980.1234368609985,980.1238213948019,980.1238213948019,1142.4286702348745,995.1234368609985,995.1238213948019,995.2207975206068,1157.4286702348745,0.0752291602510192,0.7728197776646143,684.4008828680903,19.78391804040025,1759.2512852656503,497.92447783432885,-0.04549586640879255,-0.0020316244203986145,12.35,11.0,0.0,True
984.1029534915782,984.1029534915782,984.231214049457,1134.326574745666,999.1029534915782,999.1029534915782,999.231214049457,1149.326574745666,0.08793622731453417,0.48095964673188624,683.7663590553681,28.02295653483295,621.9498348091182,426.40477567259086,-0.0025991266779641364,-0.0001076343715471495,12.35,11.0,0.0,True
980.2364446485687,980.2364446485687,982.1093489972029,1134.1954804067952,995.2364446485687,995.2364446485687,997.1093489972029,1149.1954804067952,0.05893657550484609,0.6439637589291601,678.1665508208132,23.297019331992047,1103.4713927905193,471.218319899114,-0.024913862211398907,-0.0005112115094156877,12.35,11.0,0.0,True
984.3603652837872,984.3603652837872,984.3603652837872,1134.0330037708447,999.3603652837872,999.3603652837872,999.3603652837872,1149.0330037708447,0.08792460436543464,0.4773763089797377,683.5204053608878,28.19665604117609,614.506592223102,425.5458111344422,-0.0013285650354788459,-0.00047648666608246515,12.35,11.0,0.0,True
980.5332146618185,980.5332146618185,981.4950698329976,1135.490652261543,995.5332146618185,995.5332146618185,996.4950698329976,1150.490652261543,0.08682014065446043,0.6932972746563109,675.4061996049282,22.053440949334647,1312.5999279255743,476.1858903218753,-0.03163779942750011,-2.9197551171478153e-05,12.35,11.0,0.0,True
980.602003540246,980.9800152221675,980.9800152221675,1143.209521193002,995.602003540246,995.9800152221675,995.9800152221675,1158.209521193002,0.11441957279355819,0.772404548388419,685.2256962802307,19.599460617334188,1798.4104173969429,500.1887599870893,-0.04841426027183893,-0.00010031351650496845,12.35,11.0,0.0,True
980.5916219198534,980.5916219198534,982.3804903862703,1133.4071246090798,995.5916219198534,995.5916219198534,997.3804903862703,1149.1569712770045,0.08095281407088156,0.6712491094499731,675.4250979667489,22.591372896995228,1217.0608174481233,473.18509496813795,-0.02754653411858321,-0.00014948099162204187,12.35,11.0,0.0,True
980.6617697432415,980.6617697432415,980.6617697432415,1131.7679682483656,995.6617697432415,995.6617697432415,995.6617697432415,1146.7679682483656,0.1292123981999099,0.5133635148580544,684.2872793107293,27.10857022512477,674.8290704087105,433.0380636690836,-0.003549300846596992,-0.002172160847507598,12.35,11.0,0.0,True
980.5654613416979,980.5654613416979,982.3804903862703,1123.6743226129515,995.5654613416979,995.5654613416979,997.3804903862703,1149.1569712770045,0.08095281407088156,0.5097985841824677,684.1403101348524,26.817714160508228,671.0932965215109,436.1971566332425,-0.008204788271230612,-0.0010798922795309807,12.35,11.0,0.0,True
984.3566827688004,984.3566827688004,984.3566827688004,1134.16344818006,999.3566827688004,999.3566827688004,999.3566827688004,1149.16344818006,0.08803980740235307,0.4773763089797377,683.6323333764366,28.188248783574725,615.133746851747,425.4887781658767,-0.0016313600507853465,-0.0002553301949124176,12.35,11.0,0.0,True
981.1965465171648,981.231290229916,982.3419778150947,1134.1620468240624,996.1965465171648,996.231290229916,997.3419778150947,1149.1620468240624,0.12835342907214742,0.521970701779537,688.6408660312363,27.362680260486307,709.1420260577408,432.69381807228905,-0.002048535060991341,-0.004233942019103765,12.35,11.0,0.0,True
980.7532375415283,980.7532375415283,980.7532375415283,1141.619911362914,995.7532375415283,995.7532375415283,995.7532375415283,1156.619911362914,0.055744962066542975,0.6543573033555496,688.8185714810081,22.414591100471487,1186.5290380569238,480.93836037324206,-0.03463368037342285,-0.0008483432617616415,12.35,11.0,0.0,True
980.6574737794118,980.6574737794118,980.6574737794118,1134.2627407549692,995.6574737794118,995.6574737794118,995.6574737794118,1149.2627407549692,0.11266181046885729,0.6508331425183984,677.4447410441677,23.051572028619262,1141.066706783273,466.93660751036185,-0.02507008025719415,-0.001436928324977771,12.35,11.0,0.0,True
980.6574737794118,980.6574737794118,980.6574737794118,1134.2121853589695,995.6574737794118,995.6574737794118,995.6574737794118,1149.9065399914566,0.11217203135740324,0.6508331425183984,678.2637509108795,22.845717681708532,1146.383668101726,467.06557726577415,-0.02718955695119618,-0.0002495977753032008,12.35,11.0,0.0,True
980.6591248388019,980.6591248388019,982.0274742589345,1132.010004467075,995.6591248388019,995.6591248388019,997.0274742589345,1147.010004467075,0.06496170145760097,0.555874858722297,677.4766067378065,25.53009507933304,791.9536717538056,451.5800906225754,-0.013913700707277599,-0.0009262524232322988,12.35,11.0,0.0,True
980.6749968241096,981.2139543884116,981.2139543884116,1131.163096690518,995.6749968241096,996.2139543884116,996.2139543884116,1146.163096690518,0.10847838874518359,0.4846881639337571,683.9948729099865,27.857491564071683,607.1047102203624,428.3333439664653,-0.0003838106004749875,-0.00225237383240362,12.35,11.0,0.0,True
980.1906343120655,980.332348946642,980.7093157684803,1133.7788560432841,995.1906343120655,995.332348946642,995.7093157684803,1148.7788560432841,0.10733698589039606,0.5460948340356814,684.4096928718692,26.00266239136971,769.6463837410041,441.6516723576317,-0.010334079444010769,-0.002435746092686486,12.35,11.0,0.0,True
980.2162458465409,980.3817781968495,980.3817781968495,1135.4429892365845,995.2162458465409,995.3817781968495,995.3817781968495,1150.4429892365845,0.08100597314832664,0.5641076856886343,683.6326314083387,25.188225349272695,827.4088355422407,450.69698435549543,-0.016447660491053284,-0.0014886448510509354,12.35,11.0,0.0,True
980.8302703666029,980.8302703666029,980.8302703666029,1135.4799217384686,995.8302703666029,995.8302703666029,995.8302703666029,1150.4799217384686,0.08910996173707231,0.5813890378685495,683.550950874487,24.83529159615708,889.0276779856109,452.4039209346015,-0.016410809964588324,-0.0028060765920621122,12.35,11.0,0.0,True
980.2321690816739,980.4256124162182,982.0820010458556,1142.1217542544334,995.2321690816739,995.4256124162182,997.0820010458556,1157.1217542544334,0.10717739272055325,0.7170274626797251,692.4065946152682,21.3225359518672,1479.5617731265697,483.7541914254585,-0.039040349174479516,-0.001654263939071754,12.35,11.0,0.0,True
980.6749968241096,981.2139543884116,981.2139543884116,1131.163096690518,995.6749968241096,996.2139543884116,996.2139543884116,1146.7396114612523,0.10844410970130847,0.4846881639337571,683.9068925273552,27.72445979767256,610.7128345688357,428.62370656884735,-0.0030463945758594235,-0.00039128527686038694,12.35,11.0,0.0,True
980.098774753752,980.098774753752,982.1423620109874,1134.1164631726274,995.098774753752,995.098774753752,997.1423620109874,1150.0356962835958,0.10652191958805632,0.6765520306055683,678.2026019895983,22.547603448920068,1244.6572936502084,473.7186310439259,-0.02784005044160942,-0.0014873650697531104,12.35,11.0,0.0,True
980.7700526975591,981.2168608191968,981.2168608191968,1133.8578179832348,995.7700526975591,996.2168608191968,996.2168608191968,1148.8578179832348,0.11559083713726105,0.5377337827995247,683.9506555840476,26.04098746117107,752.1214178155102,439.6876141546756,-0.011129609608168778,-0.00019319250569438395,12.35,11.0,0.0,True
980.2320764032302,981.192124836245,981.192124836245,1142.1744898176282,995.2320764032302,996.192124836245,996.192124836245,1157.1744898176282,0.07274713708577236,0.753391151339917,687.9439494344897,20.211969918582433,1656.9266503360238,493.90483283160404,-0.044450043581868215,-5.7950475104817656e-05,12.35,11.0,0.0,True
980.675982740164,980.675982740164,980.675982740164,1133.607014917435,995.675982740164,995.675982740164,995.675982740164,1149.9627935747067,0.10751316955862643,0.6836690492512552,676.3308886105148,22.31192920893085,1268.8039016431253,474.1427123241269,-0.02763130165677552,-0.0023995620610008928,12.35,11.0,0.0,True
980.7009684970611,980.7009684970611,980.7009684970611,1133.559933680518,995.7009684970611,995.7009684970611,995.7009684970611,1150.3892121328797,0.10823846975999445,0.681990380350064,676.3308886105148,22.161425810823513,1268.558423908041,474.4507227516276,-0.030165631838322327,-0.0005488892235927523,12.35,11.0,0.0,True
980.2308435466241,980.6855871985023,983.0064692754574,1132.714934244588,995.2308435466241,995.6855871985023,998.0064692754574,1147.714934244588,0.11184590411764792,0.6296384235513771,675.6609845045341,23.751470657576025,1064.5027060603672,461.99990992388007,-0.02238165308993878,-9.783989200506937e-05,12.35,11.0,0.0,True
980.6345190579526,980.6345190579526,980.6641085417049,1142.216087108274,995.6345190579526,995.6345190579526,997.6053617547598,1157.216087108274,0.10846661325939264,0.7046695244389847,692.7636571256229,21.604121538395763,1426.2947274778485,480.0182738861767,-0.037143798223397084,-0.0017151670834980592,12.35,11.0,0.0,True
980.024502267662,980.5884757834726,980.5884757834726,1131.2633555130044,995.024502267662,995.5884757834726,995.5884757834726,1146.2633555130044,0.05823413620254428,0.4848265793882772,678.5878310914252,27.362627147725775,597.8244331072899,439.4286217092224,-0.003868653082061968,-0.002400703874887,12.35,11.0,0.0,True
980.4701939668672,980.6393265402529,981.4972027206574,1140.9265649750275,995.4701939668672,995.6393265402529,996.4972027206574,1155.9265649750275,0.057035295489393775,0.6495402314172704,688.7493793338093,22.78711851586299,1162.0178155181623,478.43838828440545,-0.03129707672677995,-0.0023720442627492844,12.35,11.0,0.0,True
980.0005327551946,980.2120665085953,980.2120665085953,1142.9157507383593,995.0005327551946,995.2120665085953,995.2120665085953,1157.9157507383593,0.11762879939343411,0.7546270664726994,688.7049224983862,20.02751860291511,1678.3138038205311,493.8185950699069,-0.04546574850254359,-0.0007086287759161536,12.35,11.0,0.0,True
980.4842704406652,980.4842704406652,980.8546204787555,1141.542057115288,995.4842704406652,995.4842704406652,995.8546204787555,1156.542057115288,0.06665784719753726,0.6170265380596711,688.7477207201762,23.510511111860648,1045.1913543909473,469.37542077285,-0.028658519487770207,-0.0010697431607944452,12.35,11.0,0.0,True
980.0219572251592,980.5791417370377,980.5791417370377,1133.092005217904,995.0219572251592,995.5791417370377,995.5791417370377,1148.092005217904,0.11267488908118913,0.6236569584196071,678.3719390385811,24.097900828807994,1032.1657471201277,458.6680218858306,-0.018888610972741304,-0.0032283904738363844,12.35,11.0,0.0,True
980.1725907552286,981.1849444140631,981.1849444140631,1133.811520557047,995.1725907552286,996.1849444140631,996.1849444140631,1149.72914522973,0.10531495636931087,0.7505829655339349,651.2863448508273,20.381433355747923,1572.904385800605,505.53794296976304,-0.03890643401325811,-0.0004245834555334227,12.35,11.0,0.0,True
980.0918515346733,980.4051464506417,980.4140669518233,1134.0306180419213,995.0918515346733,995.4051464506417,995.7285323051294,1151.5148295934173,0.06598913750359188,0.7127492422111924,676.1316359869542,21.763197291495068,1389.7331481312165,481.40632799692565,-0.03357616069430058,-0.001070221616283007,12.35,11.0,0.0,True
980.6020618192177,980.6020618192177,982.8320082507734,1142.4286702348745,995.6020618192177,995.6020618192177,997.8320082507734,1157.4286702348745,0.0752291602510192,0.7728197776646143,684.4008828680903,19.670197668280558,1785.8181232508541,499.0371669604523,-0.04689072070192779,-0.00019544390561598846,12.35,11.0,0.0,True
980.6765408426036,980.6765408426036,982.1056215314063,1142.2840400183488,995.6765408426036,995.6765408426036,997.1056215314063,1160.3879714309157,0.10700462647779667,0.7834250702205091,692.4065946152682,19.436215701747805,1890.027003955107,503.0751117097039,-0.05038868954219389,-0.0008522051962351895,12.35,11.0,0.0,True
980.2599928440924,980.2599928440924,980.2599928440924,1135.5371897727582,995.2599928440924,995.2599928440924,995.2599928440924,1150.5371897727582,0.08848294644062764,0.5896079167595599,683.5100088730204,24.51724088846116,914.476113945181,453.53041973653814,-0.01817273363928784,-0.00253973130918439,12.35,11.0,0.0,True
980.2387011129531,980.5012492888316,980.5012492888316,1135.4686896829799,995.2387011129531,995.5012492888316,995.5012492888316,1150.4686896829799,0.08046157150927337,0.5868374091828356,683.5237436691611,24.617734285485785,902.7065536391468,454.85337795845953,-0.016998563335153705,-0.0033618889947408803,12.35,11.0,0.0,True
980.6765408426036,980.6765408426036,982.5083042755415,1142.3396466653428,995.6765408426036,995.6765408426036,997.5083042755415,1157.3396466653428,0.10684136664423294,0.7333037453721597,692.7358319267477,21.055647892724025,1562.8649416317135,488.6796974770099,-0.03870311421160011,-0.0035162947682909618,12.35,11.0,0.0,True
980.8010030307694,980.8010030307694,982.9235248765609,1132.9369989737318,995.8010030307694,995.8010030307694,997.9235248765609,1147.9369989737318,0.05740695753571219,0.6296384235513771,675.7128981276289,23.793665852778,1051.68673998739,468.82882435598634,-0.022239565913702464,-0.000446062876440223,12.35,11.0,0.0,True
980.6574737794118,980.6574737794118,980.6574737794118,1138.489285636681,995.6574737794118,995.6574737794118,995.6574737794118,1153.489285636681,0.06391765751869329,0.7307641785938074,678.3202988919421,21.067133052593462,1495.7211924318344,486.8789443968091,-0.03856872310292658,-0.0002235913654438093,12.35,11.0,0.0,True
980.8350461669188,980.8350461669188,980.8350461669188,1142.2861421367902,995.8350461669188,995.8350461669188,995.8350461669188,1157.2861421367902,0.0886624799030425,0.7146169799930274,692.9309430780373,21.382087131165797,1456.7216723818449,484.56668673258355,-0.037900530222055195,-0.002886860821606163,12.35,11.0,0.0,True
980.261281630199,980.261281630199,980.6436578101977,1135.4988383765024,995.261281630199,995.261281630199,995.6436578101977,1150.4988383765024,0.10946268109317848,0.6023700681071168,683.9654104676639,24.392549740778026,964.0046197425838,453.2865143019783,-0.01737586634976296,-0.0036036888781225684,12.35,11.0,0.0,True
980.5358249087709,980.5358249087709,980.5358249087709,1134.0964286773556,995.5358249087709,995.5358249087709,995.5358249087709,1149.0964286773556,0.056902190290591646,0.5982232481574437,678.2517893329427,24.229531275758593,936.9374896579881,462.98714467809043,-0.021876819082857324,-0.0006272306300534325,12.35,11.0,0.0,True
980.1042200366503,980.3226415062339,981.9757276715801,1134.1934090503923,995.1042200366503,995.3226415062339,996.9757276715801,1149.1934090503923,0.10381756354413404,0.6440538807605116,678.168627958807,23.11744663098479,1117.4035914160213,465.72337032466635,-0.02562397337756117,-0.00011638614879494469,12.35,11.0,0.0,True
983.5490016408886,983.5490016408886,983.578287090655,1134.2123116338619,998.5490016408886,998.5490016408886,998.578287090655,1150.3053233183766,0.06120514297678652,0.5573757901992643,678.2613199310842,25.310483891413696,822.3811122274403,456.74021208502353,-0.01656343855557907,-5.1632594537665e-05,12.35,11.0,0.0,True
980.3266862630157,980.3266862630157,980.5559244873576,1133.811520557047,995.3266862630157,995.3266862630157,995.5569088496048,1149.4492751479793,0.08619289100738356,0.7505829655339349,651.4919042141491,20.775091968289317,1554.7043824643786,504.856590786489,-0.03634027631075476,-0.0026158825577589084,12.35,11.0,0.0,True
980.303694591417,981.0660536336376,981.0660536336376,1141.9685992373004,995.303694591417,996.0660536336376,996.0660536336376,1156.9685992373004,0.05669162627093571,0.5685856386108092,688.7521882085659,24.91911273229831,868.006135910029,459.4861788809604,-0.022307688907124756,-0.0006298128823125637,12.35,11.0,0.0,True
980.7836686016145,981.1882636674077,981.1882636674077,1142.2861421367902,995.7836686016145,996.1882636674077,996.1882636674077,1157.2861421367902,0.10698437066272869,0.7146169799930274,692.9309430780373,21.49072100478646,1465.6954096904988,482.7667743203131,-0.03723691298478826,-0.0030941603782288496,12.35,11.0,0.0,True
980.1023665211407,980.332348946642,980.7093157684803,1132.9527753480875,995.1023665211407,995.332348946642,995.7093157684803,1147.9527753480875,0.08680164848515061,0.6320470726792091,675.9752880073052,23.601034408630255,1058.8265316484085,463.9461897447246,-0.022979371022723072,-0.00036336155423910554,12.35,11.0,0.0,True
980.6591248388019,980.6591248388019,982.1114359127158,1131.1367339787025,996.1491348391203,996.1491348391203,997.1114359127158,1146.1367339787025,0.05273820749944414,0.5113181921220102,676.8738162170724,27.026737865690382,657.8838626291005,448.47039220856806,-0.005123844762943364,-0.0035263073674745016,12.35,11.0,0.0,True
980.1001413586583,980.6872005115127,980.6872005115127,1113.0749855864726,995.1001413586583,995.6872005115127,995.6872005115127,1152.080110542848,0.11269151875949088,0.7186896198045721,675.1408328101046,21.229426353838054,1438.3155631703055,484.8562264467375,-0.03587857579227638,-0.0005746256297296526,12.35,11.0,0.0,True
980.5358249087709,980.5358249087709,980.5358249087709,1142.4542837623203,995.5358249087709,995.5358249087709,995.5358249087709,1157.4542837623203,0.09538057034396759,0.7728197776646143,683.7349854174096,19.77622717112933,1774.1617633119922,499.24997605384124,-0.04578130418385307,-0.0018949891227642013,12.35,11.0,0.0,True
980.2572069023832,980.2572069023832,980.4983910853904,1135.5371897727582,995.2572069023832,995.2572069023832,995.4983910853904,1150.5371897727582,0.08848294644062764,0.5946711694426638,683.5100088730204,24.44106817639658,932.6508107734572,454.4892204423528,-0.01827769018719927,-0.0029439514462357153,12.35,11.0,0.0,True
980.2320764032302,980.2320764032302,980.2320764032302,1142.1744898176282,995.2320764032302,995.2320764032302,995.2320764032302,1157.1744898176282,0.1071269793796501,0.7515741009119944,687.9439494344897,20.297542651505747,1647.2813043441477,491.99009167836755,-0.043116952976964384,-0.0016885289354604538,12.35,11.0,0.0,True
980.2321690816739,980.4890529705272,980.4890529705272,1142.139019812753,995.2321690816739,995.4890529705272,995.4890529705272,1157.139019812753,0.10556060131622885,0.7238528558345743,692.4065946152682,21.154995919168563,1501.127288768291,485.6103745185498,-0.03877835045417122,-0.0028829693805061396,12.35,11.0,0.0,True
980.3857022614499,980.3884021866635,982.0608723985239,1142.4153161715215,995.3857022614499,995.3884021866635,997.0608723985239,1157.4153161715215,0.10700462647779667,0.6828012227560561,692.6691640072199,21.90266081126056,1328.7956191435849,475.0535408928792,-0.03650656779666939,-0.00020300893434921363,12.35,11.0,0.0,True
980.7700526975591,981.2168608191968,981.2168608191968,1134.0889574155988,995.7700526975591,996.2168608191968,996.2168608191968,1149.0889574155988,0.09173263770473415,0.5377337827995247,683.9506555840476,26.22912115174359,746.736161758415,442.2079355297853,-0.009872930437664351,-0.0025166975884296505,12.35,11.0,0.0,True
980.1234368609985,980.1238213948019,980.1238213948019,1142.4286702348745,995.1234368609985,995.1238213948019,995.2207975206068,1157.4286702348745,0.0752291602510192,0.7728197776646143,684.4008828680903,19.78391804040025,1759.2512852656503,497.92447783432885,-0.04549586640879255,-0.0020316244203986145,12.35,11.0,0.0,True
980.5251481149133,980.5251481149133,981.3892585230853,1134.0306180419213,995.5251481149133,995.5251481149133,996.3892585230853,1151.6374651048436,0.08408770126171657,0.7115992282038527,675.4192974003143,21.516609536848662,1399.3275734533213,481.01576021010453,-0.03490874753435946,-4.3131259026552016e-06,12.35,11.0,0.0,True
980.029321409435,980.586776485616,980.586776485616,1131.0119930094584,995.029321409435,995.586776485616,995.586776485616,1146.0119930094584,0.05426878913755738,0.46637184060919296,676.6590295472662,27.573375405137078,567.9596403894762,438.1215342205579,-0.004416986756103469,-0.0004283320180462624,12.35,11.0,0.0,True
980.6640250001776,980.6640250001776,982.073869836214,1134.2129945237941,995.6640250001776,995.6640250001776,997.073869836214,1149.2129945237941,0.10835517916544209,0.5833790376105891,683.550950874487,25.39190260471978,894.8119731753417,448.92887347768385,-0.011966661041466153,-0.00476499331551139,12.35,11.0,0.0,True
980.6435820881145,980.9018726861173,982.6577193577092,1134.3026040151562,995.6435820881145,995.9018726861173,997.6577193577092,1149.3026040151562,0.05852537298271525,0.6056012191546816,678.2979924858538,24.078288441767352,972.5643433880953,464.62817823961836,-0.022813379588479066,-9.71449428508464e-05,12.35,11.0,0.0,True
980.0110271141194,980.6566003095289,980.6566003095289,1141.4629061864252,995.0110271141194,995.6566003095289,995.6566003095289,1156.4629061864252,0.05829106068439478,0.7846619332786287,675.9330649976603,19.560597974000792,1820.0112331520322,509.7974738997111,-0.04635773985171454,-0.0024054702891369573,12.35,11.0,0.0,True
980.2162458465409,980.3799245053088,980.3799245053088,1134.1992474707486,995.2162458465409,995.3799245053088,995.3799245053088,1149.1992474707486,0.08714850538266905,0.5641076856886343,683.6326314083387,25.648001208853433,821.2808567141221,448.3898705769444,-0.011862134930517243,-0.004187930218298774,12.35,11.0,0.0,True
980.6591248388019,980.6591248388019,982.1114359127158,1131.1367339787025,996.119953435354,996.119953435354,997.1114359127158,1146.1367339787025,0.054455229854463244,0.5113181921220102,676.8384101736342,27.00395916555999,658.8670272680438,447.7289718716639,-0.005834396166012112,-0.0029002398284241337,12.35,11.0,0.0,True
980.5613810771398,980.5613810771398,980.5613810771398,1123.843813992176,995.5613810771398,995.5613810771398,995.5613810771398,1149.133143183573,0.08095281407088156,0.5097985841824677,684.1403101348524,26.74124229641048,667.091078815183,436.83668204483683,-0.008266757933650837,-0.0016364717762069603,12.35,11.0,0.0,True
980.2012525051214,980.2012525051214,980.7874632135869,1141.4494554938615,995.2012525051214,995.2012525051214,995.7874632135869,1156.4494554938615,0.057210903420610235,0.7427652498865253,687.9506206090875,20.63472933657972,1575.4092128644327,491.6433960315663,-0.04154779561723565,-0.0007091698407037939,12.35,11.0,0.0,True
980.5416447920355,980.5416447920355,982.1421507117072,1113.545946085202,995.5416447920355,995.5416447920355,997.1421507117072,1146.716486360229,0.06252999783704938,0.5171663722375068,678.3988817055512,26.67632673284594,676.9971081251359,445.59294746997267,-0.00827118506887814,-0.0015826634405389228,12.35,11.0,0.0,True
980.7822062354999,980.7822062354999,981.9926322005598,1141.7810118557015,995.7822062354999,995.7822062354999,996.9926322005598,1156.7810118557015,0.10672490647737295,0.7427947164230874,687.9506206090875,20.487677251694365,1613.4576856271713,491.3768865637233,-0.042461270630651526,-0.0007602540276820946,12.35,11.0,0.0,True
980.7788928012988,981.0217060712806,981.0217060712806,1134.198292571496,995.7788928012988,996.0217060712806,996.0217060712806,1149.198292571496,0.10024925351234036,0.543046337087738,683.550950874487,25.83267703416281,765.5337696407909,442.713337684816,-0.012512639949630255,-0.0007522174947887095,12.35,11.0,0.0,True
980.2367952165167,980.567208350922,981.696156930911,1134.2633629681864,995.2367952165167,995.567208350922,996.696156930911,1151.7076739721938,0.05605399323199166,0.7186896198045721,675.5206125965731,21.47773605636116,1421.982674757522,485.06980113263353,-0.03486379973367093,-0.0003977586731149785,12.35,11.0,0.0,True
980.8355293920454,980.8355293920454,980.8355293920454,1141.7892579054494,995.8355293920454,995.8355293920454,995.8355293920454,1156.7892579054494,0.13281982145804871,0.7850513156647944,675.6659686836663,19.49873565426638,1860.319270192721,508.0348290332498,-0.04750519721873836,-0.00197656121214429,12.35,11.0,0.0,True
980.0875386653256,980.1638584132236,980.3777323262401,1133.9329045649852,995.0875386653256,995.1638584132236,995.3777323262401,1148.9329045649852,0.06388122044565307,0.6170917062046409,678.4009798965335,23.914982715641912,1002.576080267003,463.51667599420057,-0.023042950497723425,-0.000641344964250834,12.35,11.0,0.0,True
980.7700526975591,981.1534203522375,982.1155737955906,1134.0716918572791,995.7700526975591,996.1534203522375,997.1155737955906,1149.0716918572791,0.09173263770473415,0.5267842844389771,683.9506555840476,26.444385838491407,718.4008877871358,439.5571443476808,-0.010037253599920248,-0.0009372564053293786,12.35,11.0,0.0,True
980.602350941358,980.602350941358,980.602350941358,1141.6706243168207,995.602350941358,995.602350941358,995.602350941358,1156.6706243168207,0.05965832466385737,0.7869640062745035,674.63420167853,19.49469803127365,1842.3170496789505,512.4623067034092,-0.04762281069488594,-0.001956713009155564,12.35,11.0,0.0,True
980.255465488495,980.255465488495,980.4983910853904,1135.5549079189148,995.255465488495,995.255465488495,995.4983910853904,1150.5549079189148,0.21593146619720371,0.5946711694426638,683.2920176314541,24.580972959331497,953.4974803047321,448.2892282597954,-0.01734076518615879,-0.00012449403023317984,12.35,11.0,0.0,True
980.7727137185906,980.7727137185906,980.7727137185906,1134.5451552532647,995.7727137185906,995.7727137185906,995.7727137185906,1149.5451552532647,0.0542177582648691,0.7118706979901954,667.4253560019131,21.78512888966888,1368.2835135173727,486.513561709561,-0.030621986610212204,-0.0023906270800946317,12.35,11.0,0.0,True
980.1001014669674,980.3226415062339,982.1449027872617,1134.193223615241,995.1001014669674,995.3226415062339,997.1449027872617,1149.193223615241,0.10652194392442833,0.6430782868369189,678.168627958807,23.153032455321785,1115.189467826816,465.30016541466864,-0.02558012426697509,-4.1644700951692926e-05,12.35,11.0,0.0,True
980.2008308091627,981.0096898423697,981.0096898423697,1134.142852814031,995.2008308091627,996.0096898423697,996.0096898423697,1149.142852814031,0.09998873899512432,0.5531327582868302,683.9105188797047,25.726202152034507,793.6383464112073,444.60421973604724,-0.012211887308575697,-0.0019868782316869726,12.35,11.0,0.0,True
980.4701939668672,980.6393265402529,981.4529315742691,1141.6967296331693,995.4701939668672,995.6393265402529,996.4529315742691,1156.6967296331693,0.057035295489393775,0.64883947669975,688.7493793338093,22.58777231666897,1168.9381722947328,479.3958841395124,-0.03449121187671622,-0.00023045264811472066,12.35,11.0,0.0,True
980.6629913912502,981.2139543884116,981.2139543884116,1141.4515750642463,995.6629913912502,996.2139543884116,996.2139543884116,1156.4515750642463,0.10571851337525705,0.7868635447973067,672.5242250355179,19.34316548199864,1867.4294437225255,511.67732763753435,-0.04887716592081581,-0.0010896544186191903,12.35,11.0,0.0,True
980.1921624118851,980.1921624118851,981.9926322005598,1141.7810118557015,995.1921624118851,995.1921624118851,996.9926322005598,1156.7810118557015,0.10672490647737295,0.7427947164230874,688.779764858272,20.56035905323916,1606.8479832052271,490.8845971399794,-0.04200338658202618,-0.0011678916905797365,12.35,11.0,0.0,True
980.3266862630157,980.3266862630157,980.5559244873576,1142.402140609987,995.3266862630157,995.3266862630157,995.5804506478061,1157.402140609987,0.08619289100738356,0.7505829655339349,689.8602792487357,20.37833814539041,1637.6350066571865,493.0371521553241,-0.04272534327026456,-0.0018520746287844503,12.35,11.0,0.0,True
980.5607266110618,980.8887636514659,980.8887636514659,1142.286142735801,995.5607266110618,995.8887636514659,995.8887636514659,1157.286142735801,0.1084268742046846,0.7877475494286136,675.4591940755854,19.127846804617146,1882.689083308762,510.4990245566549,-0.050368012662190154,-0.00048785123394523566,12.35,11.0,0.0,True
980.7787023512032,980.7787023512032,980.7787023512032,1141.7810118557015,995.7787023512032,995.7787023512032,995.7787023512032,1156.7810118557015,0.061230733464604656,0.7427652498865253,687.9506206090875,20.484412457972432,1587.7153154245084,492.76661603311436,-0.042704043351223575,-0.00010281289176994335,12.35,11.0,0.0,True
980.4804989377918,980.6393265402529,981.4972027206574,1140.9265649750275,995.4804989377918,995.6393265402529,996.4972027206574,1155.9265649750275,0.056965214339896354,0.6495402314172704,688.4411014908652,22.705399093746944,1163.5347019839985,478.6171635488279,-0.03220573508672864,-0.0016409377671724457,12.35,11.0,0.0,True
980.1725907552286,981.0053250439429,981.0053250439429,1113.5427431075102,995.1725907552286,996.0053250439429,996.0053250439429,1149.72914522973,0.10531495636931087,0.7505829655339349,653.8516514626732,20.780752255292004,1567.3927021598536,503.7331564466979,-0.03624396016960141,-0.0026641725264937577,12.35,11.0,0.0,True
980.630565985173,980.630565985173,980.7093157684803,1133.7788560432841,995.630565985173,995.630565985173,995.7093157684803,1148.7788560432841,0.10733698589039606,0.532099095912356,684.4096928718692,26.33032608987755,730.8538865530606,439.2115750837361,-0.009983627059378719,-0.001145898979379112,12.35,11.0,0.0,True
980.024502267662,980.5884757834726,982.0337450754977,1131.2633555130044,995.024502267662,995.5884757834726,997.0337450754977,1146.2633555130044,0.05823413620254428,0.4858485645708952,678.5878310914252,27.43668905102497,602.0667055075254,439.18777691450856,-0.003784593246079382,-0.002062708885150144,12.35,11.0,0.0,True
980.2195451844161,980.3034290600294,981.1832187070473,1133.9955034517131,995.2195451844161,995.3034290600294,996.1832187070473,1148.9955034517131,0.06597401374517385,0.7088316771516096,666.577082955976,21.859625329820613,1352.418180384037,484.95013393525295,-0.029040695529706895,-0.0030238929062544884,12.35,11.0,0.0,True
980.2364446485687,980.5553966200331,980.7522364139517,1134.1621611688627,995.2364446485687,995.5553966200331,995.7522364139517,1149.1621611688627,0.05893657550484609,0.4911268028182042,683.9088434164192,27.636474728311253,616.8010817873779,437.70254379923193,-0.002653395934146374,-0.00468074362565396,12.35,11.0,0.0,True
980.6765408426036,980.6765408426036,982.0608723985239,1142.4153161715215,995.6765408426036,995.6765408426036,997.0608723985239,1157.4153161715215,0.10700462647779667,0.6836556849178153,692.4065946152682,21.89994151922907,1334.5517522861596,475.4298817885919,-0.036585165086581384,-0.00020652894565209579,12.35,11.0,0.0,True
980.6733713282051,980.6733713282051,982.6369983274813,1141.7892579054494,995.6733713282051,995.6733713282051,997.6369983274813,1156.7892579054494,0.13281982145804871,0.7850513156647944,675.4869686566034,19.316627906462,1877.256798444784,508.8522821561064,-0.04911404866799529,-0.00023376235476568752,12.35,11.0,0.0,True
980.3937679601989,981.0987528491977,981.0987528491977,1133.8605655364963,995.3937679601989,996.0987528491977,996.0987528491977,1154.6155592732962,0.05957638016760984,0.5331747361942154,687.9407429503838,25.86432783896485,745.7151511692293,447.21754934271837,-0.015018956378662907,-0.0010864935765777517,12.35,11.0,0.0,True
980.7727137185906,980.7727137185906,980.7727137185906,1134.5451552532647,995.7727137185906,995.7727137185906,995.7727137185906,1149.5451552532647,0.10724948054521917,0.7118706979901954,668.3005719911288,21.826655801220696,1381.8918490236458,485.77618916324667,-0.029007141152410654,-0.003946081979389504,12.35,11.0,0.0,True
980.2321690816739,980.4890529705272,980.4890529705272,1142.139019812753,995.2321690816739,995.4890529705272,995.4890529705272,1157.139019812753,0.10717739272055325,0.727975936531241,692.4065946152682,21.058633392217637,1520.641399614431,486.605780691351,-0.03854576789264286,-0.0034376628007422028,12.35,11.0,0.0,True
981.1944415073306,981.1944415073306,983.0290977857222,1133.942108910488,996.1944415073306,996.1944415073306,998.0290977857222,1152.1519633672115,0.10989110758461798,0.7376813551467221,672.3641491653209,20.95310204900928,1545.8594289717755,493.2690263743341,-0.036046473003242596,-0.0020528436465241384,12.35,11.0,0.0,True
980.1378953162825,981.013108218696,981.013108218696,1134.142852814031,995.1378953162825,996.013108218696,996.013108218696,1149.142852814031,0.1003498592067235,0.5529440887201753,684.0055995547108,25.7294816237324,792.9712472925293,444.4724569789108,-0.012119314655150148,-0.0020200892379023117,12.35,11.0,0.0,True
980.0093505796609,980.3217084042376,980.3217084042376,1141.4629061864252,995.0093505796609,995.3217084042376,995.3217084042376,1156.4629061864252,0.060491888140610475,0.7846619332786287,672.3346714350679,19.276209958223134,1825.990055995652,513.118871314252,-0.049204828686237434,-0.00047988222953954107,12.35,11.0,0.0,True
980.2057126449704,981.0765817812272,981.0765817812272,1141.440884645746,995.2057126449704,996.0765817812272,996.0765817812272,1156.440884645746,0.05049079866034312,0.5685856386108092,688.7521882085659,25.123263165381683,858.2173349746139,461.531870458131,-0.018129320992253284,-0.0038456533083017774,12.35,11.0,0.0,True
980.3311184700648,981.0660536336376,981.0660536336376,1141.9684906660416,995.3311184700648,996.0660536336376,996.0660536336376,1156.9684906660416,0.05669162627093571,0.5685856386108092,688.7521882085659,24.92098505720853,867.9951319373382,459.4714104175619,-0.022244111144045675,-0.0006792263368939899,12.35,11.0,0.0,True
980.1022616082571,980.9917070149173,981.388138155092,1132.9527753480875,995.1022616082571,995.9917070149173,996.388138155092,1147.9527753480875,0.10611500157396928,0.6405918448737425,675.4214142466076,23.48556259189213,1097.6972841696565,464.94994719959845,-0.023252915110662187,-0.0007275712440186766,12.35,11.0,0.0,True
980.7957618765557,981.0997869895227,981.0997869895227,1141.440884645746,995.7957618765557,996.0997869895227,996.0997869895227,1156.440884645746,0.05049079866034312,0.5685856386108092,687.9230439593815,25.092301736684554,860.7429023426297,461.8552082120557,-0.019143224232804457,-0.0030931735265564697,12.35,11.0,0.0,True
980.0875386653256,981.0144357350548,981.0144357350548,1133.9329045649852,995.0875386653256,996.0144357350548,996.0144357350548,1148.9329045649852,0.06388122044565307,0.6214830588537134,678.5912018310904,23.88910272816518,1021.47749160044,464.7401242814038,-0.0225673332506382,-0.001151182032920417,12.35,11.0,0.0,True
980.029321409435,980.586776485616,980.586776485616,1131.0119930094584,995.029321409435,995.586776485616,995.586776485616,1146.0119930094584,0.05426878913755738,0.46637184060919296,676.6590295472662,27.573375405137078,567.9596403894762,438.1215342205579,-0.004416986756103469,-0.0004283320180462624,12.35,11.0,0.0,True
980.1940631610245,981.1921715927045,981.1921715927045,1133.8597225685628,995.1940631610245,996.1921715927045,996.1921715927045,1153.6063068404635,0.11522863499840559,0.6842880369185163,687.9439494344897,22.502843910230474,1296.2892849892105,473.2436299602618,-0.028762368078689704,-0.004375002517010174,12.35,11.0,0.0,True
980.4875395620733,980.5791417370377,980.5791417370377,1133.1015245192843,995.4875395620733,995.5791417370377,995.5791417370377,1148.1015245192843,0.11267488908118913,0.6168349738689264,678.2868159319457,24.159536582092173,1009.2575330295354,457.0397799943379,-0.018223841813027164,-0.00308689880170121,12.35,11.0,0.0,True
980.0155196875476,981.0765817812272,981.0765817812272,1141.440884645746,995.0155196875476,996.0765817812272,996.0765817812272,1156.440884645746,0.05049079866034312,0.568574264943931,688.7521882085659,25.110630259881695,858.2035923238298,461.53922837138845,-0.018551439230082067,-0.0035147580761627495,12.35,11.0,0.0,True
980.7694514219445,981.0217060712806,981.0217060712806,1133.964253739748,995.7694514219445,996.0217060712806,996.0217060712806,1148.964253739748,0.10024925351234036,0.543046337087738,683.550950874487,25.92311253624811,763.9811117059406,442.52944585638807,-0.01149663835380288,-0.0014361766024162392,12.35,11.0,0.0,True
980.091668760948,981.0144357350548,982.3922541042344,1133.7634131857608,995.091668760948,996.0144357350548,997.3922541042344,1148.7634131857608,0.06388122044565307,0.6096167217265392,678.5912018310904,24.16921598067797,983.1606775792678,462.4614922024052,-0.02131289306145767,-0.0010365121319519943,12.35,11.0,0.0,True
980.6733713282051,980.6733713282051,980.6733713282051,1141.7892579054494,995.6733713282051,995.6733713282051,995.6733713282051,1156.7892579054494,0.13281982145804871,0.7850513156647944,675.4869686566034,19.52592178913066,1858.2090523607055,508.14155652117546,-0.04772103530394567,-0.0018779233716745836,12.35,11.0,0.0,True
