,Awach,Grumeti,Kagera,Katonga,Magogo,Mbalangeti,Migori,Mori,Nyando,Nzoia,Rwizi,Simiyu,Sio_Malaba,Sondu,Yala
1965-01-01,,,,,,,,,26.1315,,,,,,
1965-02-01,,,,,,,,,24.8177,,,,,,
1965-03-01,,,,,,,,,24.6659,,,,,,
1965-04-01,,,,,,,,,26.2335,,,,,,
1965-05-01,,,,,,,,,26.536,,,,,,
1965-06-01,,,,,,,,,24.3968,,,,,,
1965-07-01,,,,,,,,,24.2069,,,,,,
1965-08-01,,,,,,,,,24.4953,,,,,,
1965-09-01,,,,,,,,,23.7162,,,,,,
1965-10-01,,,,,,,,,24.0051,,,,,,
1965-11-01,,,,,,,,,26.0913,,,,,,
1965-12-01,,,,,,,,,24.2113,,,,,,
1966-01-01,,,,,,,,,22.8741,,,,,,
1966-02-01,,,,,,,,,24.6375,,,,,,
1966-03-01,,,,,,,,,26.9759,,,,,,
1966-04-01,,,,,,,,,33.9179,,,,,,
1966-05-01,,,,,,,,,28.392,,,,,,
1966-06-01,,,,,,,,,26.9977,,,,,,
1966-07-01,,,,,,,,,27.4834,,,,,,
1966-08-01,,,,,,,,,30.2771,,,,,,
1966-09-01,,,,,,,,,36.12679994,,,,,,
1966-10-01,,,,,,,,,53.7966,,,,,,
1966-11-01,,,,,,,,,42.3214,,,,,,
1966-12-01,,,,,,,,,23.5765,,,,,,
1967-01-01,,,,,,,,,23.2565,,,,,,
1967-02-01,,,,,,,,,23.262,,,,,,
1967-03-01,,,,,,,,,23.1909,,,,,,
1967-04-01,,,,,,,,,28.1006,,,,,,
1967-05-01,,,,,,,,,37.8063,,,,,,
1967-06-01,,,,,,,,,33.4929,,,,,,
1967-07-01,,,,,,,,,40.96632188,,,,,,
1967-08-01,,,,,,,,,53.3264,,,,,,
1967-09-01,,,,,,,,,48.6839,,,,,,
1967-10-01,,,,,,,,,43.3011,,,,,,
1967-11-01,,,,,,,,,29.9719,,,,,,
1967-12-01,,,,,,,,,30.1869,,,,,,
1968-01-01,,,,,,,,,25.1598,,,,,,
1968-02-01,,,,,,,,,25.9578,,,,,,
1968-03-01,,,,,,,,,31.24799348,,,,,,
1968-04-01,,,,,,,,,48.99750437,,,,,,
1968-05-01,,,,,,,,,46.58429223,,,,,,
1968-06-01,,,,,,,,,36.13686328,,,,,,
1968-07-01,,,,,,,,,45.42708657,,,,,,
1968-08-01,,,,,,,,,31.74082565,,,,,,
1968-09-01,,,,,,,,,31.74082565,,,,,,
1968-10-01,,,,,,,,,38.3779,,,,,,
1968-11-01,,,,,,,,,27.3449,,,,,,
1968-12-01,,,,,,,,,26.0128,,,,,,
1969-01-01,,,,,,,,,27.7766,,,,,,
1969-02-01,,,,,,,,,26.6475,,,,,,
1969-03-01,,,,,,,,,25.0812,,,,,,
1969-04-01,,,,,,,,,29.9476,,,,,,
1969-05-01,,,,,,,,,26.2356,,,,,,
1969-06-01,,,,,,,,,26.2036,,,,,,
1969-07-01,,,,,,,,,26.9336,,,,,,
1969-08-01,,,,,,,,,28.045,,,,,,
1969-09-01,,,,,,,,,25.0961,,,,,,
1969-10-01,,,,,,,,,24.48,,,,,,
1969-11-01,,,,,,,,,23.2931,,,,,,
1969-12-01,,,,,,,,,28.1179,,,,,,
1970-01-01,,,,,,,,,30.0392,,,,,,
1970-02-01,,,,,,,,,23.743,,,,,,
1970-03-01,,,,,,,,,28.9395,,,,,,
1970-04-01,,,,,,,,,33.7539,,,,,,
1970-05-01,,,,,,,,,31.7626,,,,,,
1970-06-01,,,,,,,,,52.1436,,,,,,
1970-07-01,,,,,,,,,49.5867,,,,,,
1970-08-01,,,,,,,,,42.8302,,,,,,
1970-09-01,,,,,,,,,38.58668208,,,,,,
1970-10-01,,,,,,,,,23.319,,,,,,
1970-11-01,,,,,,,,,25.0434,,,,,,
1970-12-01,,,,,,,,,36.5013,,,,,,
1971-01-01,,,,,,,,,37.7984,,,,,,70.875
1971-02-01,,,,,,,,,38.9465,,,,,,66.72785714
1971-03-01,,,,,,,,,42.9408,,,,,,63.59774194
1971-04-01,,,,,,,,,45.9801,,,,,,77.014
1971-05-01,,,,,,,,,32.687,,,,,,88.42193548
1971-06-01,,,,,,,,,27.9087,,,,,,84.15433333
1971-07-01,,,,,,,,,27.1534,,,,,,85.01967742
1971-08-01,,,,,,,,,25.0691,,,,,,97.30183333
1971-09-01,,,,,,,,,24.5911,,,,,,102.2384091
1971-10-01,,,,,,,,,27.2645,,,,,,91.9609
1971-11-01,,,,,,,,,32.4995,,,,,,176.2427
1971-12-01,,,,,,,,,38.1227,,,,,,158.7853
1972-01-01,,,,,,,,,24.1696,,,,,,168.2871
1972-02-01,,,,,,,,,30.4786,,,,,,140.0216
1972-03-01,,,,,,,,,19.7142,,,,,,65.28
1972-04-01,,,,,,,,,18.1532,,,,,,67.8428
1972-05-01,,,,,,,,,29.9978,,,,,,85.6742
1972-06-01,,,,,,,,,37.0067,,,,,,200.3682
1972-07-01,,,,,,,,,50.5277,,,,,,198.5677
1972-08-01,,,,,,,,,32.0772,,,,,,88.5944
1972-09-01,,,,,,,,,30.8231,,,,,,83.6293
1972-10-01,,,,,,,,,29.8426,,,,,,180.6545
1972-11-01,,,,,,,,,27.5494,,,,,,250.877
1972-12-01,,,,,,,,,48.4733,,,,,,320.5419
1973-01-01,,,,,,,,,52.7262,,,,,,80.589
1973-02-01,,,,,,,,,31.2794,,,,,,76.6609
1973-03-01,,,,,,,,,28.5789,,,,,,70.3685
1973-04-01,,,,,,,,,25.1719,,,,,,73.3013
1973-05-01,,,,,,,,,25.031,,,,,,82.4616
1973-06-01,,,,,,,,,22.7175,,,,,,140.4323
1973-07-01,,,,,,,,,24.4793,,,,,,77.8111
1973-08-01,,,,,,,,,38.9399,,,,,,91.2056
1973-09-01,,,,,,,,,52.72620244,,,,,,85.8295
1973-10-01,,,,,,,,,31.27938632,,,,,,85.82951613
1973-11-01,,,,,,,,,50.428,,,,,,87.40633333
1973-12-01,,,,,,,,,45.1658,,,,,,73.50435484
1974-01-01,,,,,,,,,34.7833,,,,,,69.63193548
1974-02-01,,,,,,,,,28.957,,,,,,65.14214286
1974-03-01,,,,,,,,,36.4262,,,,,,69.86064516
1974-04-01,,,,,,,,,25.6099,,,,,,150.9081
1974-05-01,,,,,,,,,24.6829,,,,,,182.803
1974-06-01,,,,,,,,,23.7359,,,,,,168.445
1974-07-01,,,,,,,,,42.42800096,,,,,,83.0815
1974-08-01,,,,,,,,,35.16582182,,,,,,93.585
1974-09-01,,,,,,,,,36.1081,,,,,,134.699
1974-10-01,,,,,,,,,37.7756,,,,,,76.45
1974-11-01,,,,,,,,,35.9219,,,,,,70.8203
1974-12-01,,,,,,,,,25.60992939,,,,,,67.5068
1975-01-01,,,,,,,,,63.1089,,,,,,65.5793
1975-02-01,,,,,,,,,47.3005,,,,,,68.1703
1975-03-01,,,,,,,,,38.1068,,,,,,80.7337
1975-04-01,,,,,,,,,25.9749,,,,,,77.95
1975-05-01,,,,,,,,,20.9947,,,,,,140.9397
1975-06-01,,,,,,,,,23.4009,,,,,,162.4487
1975-07-01,,,,,,,,,58.0365,,,,,,98.8863
1975-08-01,,,,,,,,,24.4384,,,,,,108.3867
1975-09-01,,,,,,,,,29.9034,,,,,,103.3091
1975-10-01,,,,,,,,,27.7057,,,,,,170.741
1975-11-01,,,,,,,,,38.10683069,,,,,,181.074
1975-12-01,,,,,,,,,52.4367,,,,,,71.7059
1976-01-01,,,,,,,,,25.6357,37.74887097,,,,,68.633
1976-02-01,,,,,,,,,26.1203,27.49068966,,,,,66.3645
1976-03-01,,,,,,,,,25.8288,19.56790323,,,,,130.2016
1976-04-01,,,,,,,,,38.2069,38.20083333,,,,,140.6366
1976-05-01,,,,,,,,,27.6119,81.64048387,,,,,180.6792
1976-06-01,,,,,,,,,29.7248,133.6333333,,,,,83.3807
1976-07-01,,,,,,,,,25.5379,146.3620968,,,,,126.2384
1976-08-01,,,,,,,,,37.8191,225.8308065,,,,,92.1872
1976-09-01,,,,,,,,,25.63568868,163.0315,,,,,78.3964
1976-10-01,,,,,,,,,56.6567,58.74403226,,,,,74.3692
1976-11-01,,,,,,,,,52.5069,37.024,,,,,72.1467
1976-12-01,,,,,,,,,46.9595,31.90548387,,,,,128.832
1977-01-01,,,,,,,,,39.2981,28.01629032,,,,,158.6546
1977-02-01,,,,,,,,,31.9491,23.61928571,,,,,69.1733
1977-03-01,,,,,,,,,55.5969,18.07480769,,,,,154.945
1977-04-01,,,,,,,,,37.8274,119.2131667,,,,,210.012
1977-05-01,,,,,,,,,30.7605,317.7980645,,,,,89.5268
1977-06-01,,,,,,,,,50.65671699,218.6754237,,,,,110.977
1977-07-01,,,,,,,,,43.4773,220.1314754,,,,,96.7618
1977-08-01,,,,,,,,,35.4859,245.9796774,,,,,70.0996
1977-09-01,,,,,,,,,30.8446,196.7818966,,,,,74.5527
1977-10-01,,,,,,,,,39.6282,128.2808621,,,,,101.8358
1977-11-01,,,,,,,,,39.6786,321.8686441,,,,,88.2787
1977-12-01,,,,,,,,,38.0305,199.4485484,,,,,175.24
1978-01-01,,,,,,,,,50.2815,102.2482456,,,,,80.0425
1978-02-01,,,,,,,,,28.4122,97.92314815,,,,,118.2712
1978-03-01,,,,,,,,,28.4006,210.0687097,,,,,240.6756
1978-04-01,,,,,,,,,26.6734,153.8874576,,,,,196.3619
1978-05-01,,,,,,,,,54.2813,287.0013333,,,,,96.4024
1978-06-01,,,,,,,,,31.0398,166.8045,,,,,95.8846
1978-07-01,,,,,,,,,33.0268,251.0508065,,,,,99.6788
1978-08-01,,,,,,,,,37.751,208.5956452,,,,,90.3321
1978-09-01,,,,,,,,,35.4768,258.3423333,,,,,91.776
1978-10-01,,,,,,,,,33.4235,182.1433871,,,,,100.8593
1978-11-01,,,,,,,,,37.611,132.486,,,,,189.1683
1978-12-01,,,,,,,,,29.1721,123.0204839,,,,,175.6988
1979-01-01,,,,,,,,,27.7794,47.36080645,,,,,88.7237
1979-02-01,,,,,,,,,26.413,110.4623214,,,,,83.4356
1979-03-01,,,,,,,,,23.0693,73.94129032,,,,,84.0387
1979-04-01,,,,,,,,,24.1637,111.7515,,,,,144.1738
1979-05-01,,,,,,,,,24.5586,139.3708065,,,,,91.956
1979-06-01,,,,,,,,,34.1287,193.3193333,,,,,91.0963
1979-07-01,,,,,,,,,36.8138,141.8512903,,,,,103.647
1979-08-01,,,,,,,,,29.4242,168.2082258,,,,,89.2032
1979-09-01,,,,,,,,,31.6446,81.84416667,,,,,80.0415
1979-10-01,,,,,,,,,30.6626,55.54983871,,,,,76.3956
1979-11-01,,,,,,,,,27.9393,39.48683333,,,,,105.0508
1979-12-01,,,,,,,,,24.9868,22.60596774,,,,,99.8578
1980-01-01,,,,,,,,,22.6543,15.91725806,,,,,67.8215
1980-02-01,,,,,,,,,20.8145,12.39224138,,,,,67.453
1980-03-01,,,,,,,,,20.5406,13.7866129,,,,,77.65
1980-04-01,,,,,,,,,24.1593,36.74465517,,,,,86.5116
1980-05-01,,,,,,,,,44.1391,133.9801613,,,,,80.045
1980-06-01,,,,,,,,,32.7438,101.3943333,,,,,105.1789
1980-07-01,,,,,,,,,26.6071,114.1683871,,,,,85.614
1980-08-01,,,,,,,,,31.5695,92.16193548,,,,,77.1642
1980-09-01,,,,,,,,,43.8372,91.25766667,,,,,44.2419
1980-10-01,,,,,,,,,39.8547,43.62935484,,,,,73.87
1980-11-01,,,,,,,,,33.1332,42.28766667,,,,,130.4788
1980-12-01,,,,,,,,,29.7316,21.3295082,,,,,65.0923
1981-01-01,,,,,,,,,22.9232,14.73451613,,,,,65.0468
1981-02-01,,,,,,,,,38.644,10.20767857,,,,,50.3665
1981-03-01,,,,,,,,,45.6049,53.31596774,,,,,97.1146
1981-04-01,,,,,,,,,28.1384,284.8685,,,,,89.1464
1981-05-01,,,,,,,,,25.9714,209.141129,,,,,79.594
1981-06-01,,,,,,,,,24.9075,94.24883333,,,,,87.3444
1981-07-01,,,,,,,,,35.8339,133.653871,,,,,96.8536
1981-08-01,,,,,,,,,30.3898,265.965,,,,,96.4081
1981-09-01,,,,,,,,,31.6911,268.5415,,,,,118.85
1981-10-01,,,,,,,,,30.5244,157.1245161,,,,,120.2828
1981-11-01,,,,,,,,,41.0989,95.58616667,,,,,127.08
1981-12-01,,,,,,,,,41.5766,47.35129032,,,,,97.4736
1982-01-01,,,,,,,,,28.1384,33.49129032,,,,,67.7492
1982-02-01,,,,,,,,,25.9714,22.45892857,,,,,64.58
1982-03-01,,,,,,,,,24.9075,12.81596774,,,,,72.9261
1982-04-01,,,,,,,,,35.8339,54.75383333,,,,,89.8092
1982-05-01,,,,,,,,,30.3898,202.5958065,,,,,140.7435
1982-06-01,,,,,,,,,31.6911,192.4806667,,,,,142.7712
1982-07-01,,,,,,,,,30.5244,121.8108065,,,,,92.325
1982-08-01,,,,,,,,,41.0989,248.2622581,,,,,85.6973
1982-09-01,,,,,,,,,41.5766,142.3333333,,,,,83.4288
1982-10-01,,,,,,,,,40.7631,128.1941935,,,,,100.5343
1982-11-01,,,,,,,,,30.9517,252.484,,,,,200.3158
1982-12-01,,,,,,,,,27.8618,233.3564516,,,,,180.9092
1983-01-01,,,,,,,,,26.5825,86.66483871,,,,,102.635
1983-02-01,,,,,,,,,24.9922,59.40053571,,,,,71.1671
1983-03-01,,,,,,,,,24.3854,35.41903226,,,,,79.3246
1983-04-01,,,,,,,,,26.6083,74.75233333,,,,,83.0019
1983-05-01,,,,,,,,,25.3776,147.0440323,,,,,79.8576
1983-06-01,,,,,,,,,26.0026,101.4441667,,,,,77.2335
1983-07-01,,,,,,,,,26.1263,106.1469355,,,,,89.4409
1983-08-01,,,,,,,,,28.9661,266.0125806,,,,,103.6162
1983-09-01,,,,,,,,,26.9067,257.024,,,,,104.0065
1983-10-01,,,,,,,,,25.5873,213.4654839,,,,,138.4259
1983-11-01,,,,,,,,,25.6602,192.57,,,,,80.154
1983-12-01,,,,,,,,,26.4408,96.66870968,,,,,72.34
1984-01-01,,,,,,,,,24.2496,38.5825,,,,,74.3886
1984-02-01,,,,,,,,,25.602,33.9922,,,,,69.6595
1984-03-01,,,,,,,,,23.5871,24.3854,,,,,60.1936
1984-04-01,,,,,,,,,39.6934,20.6083,,,,,69.314
1984-05-01,,,,,,,,,44.0964,18.3776,,,,,60.4174
1984-06-01,,,,,,,,,35.0975,26.0026,,,,,75.7695
1984-07-01,,,,,,,,,33.6054,26.1263,,,,,82.7171
1984-08-01,,,,,,,,,33.8149,28.9661,,,,,87.2022
1984-09-01,,,,,,,,,30.8211,46.9067,,,,,69.0943
1984-10-01,,,,,,,,,26.4292,30.5873,,,,,60.7722
1984-11-01,,,,,,,,,24.3699,25.6602,,,,,75.1404
1984-12-01,,,,,,,,,24.0883,26.4408,,,,,72.7411
1985-01-01,,,,,,,,,23.5878,21.2496,,,,,66.8804
1985-02-01,,,,,,,,,23.8397,25.602,,,,,67.9595
1985-03-01,,,,,,,,,26.1841,23.5871,,,,,68.7289
1985-04-01,,,,,,,,,30.5613,49.6934,,,,,91.3207
1985-05-01,,,,,,,,,31.1007,44.0964,,,,,97.4858
1985-06-01,,,,,,,,,29.2968,35.0975,,,,,90.8233
1985-07-01,,,,,,,,,30.023,38.6054,,,,,89.7675
1985-08-01,,,,,,,,,27.7402,78.8149,,,,,91.3545
1985-09-01,,,,,,,,,25.2915,51.8211,,,,,91.1084
1985-10-01,,,,,,,,,24.9678,45.4292,,,,,79.0553
1985-11-01,,,,,,,,,24.0441,24.3699,,,,,78.9217
1985-12-01,,,,,,,,,23.6771,24.0883,,,,,71.8579
1986-01-01,,,,,,,,,25.2191,18.5878,,,,,68.0433
1986-02-01,,,,,,,,,27.1912,23.8397,,,,,67.2546
1986-03-01,,,,,,,,,31.3892,19.1841,,,,,70.2781
1986-04-01,,,,,,,,,43.1878,30.5613,,,,,80.8
1986-05-01,,,,,,,,,28.5194,31.1007,,,,,86.1675
1986-06-01,,,,,,,,,26.934,49.2968,,,,,79.2148
1986-07-01,,,,,,,,,24.792,70.023,,,,,74.7777
1986-08-01,,,,,,,,,26.1542,76.7402,,,,,76.9116
1986-09-01,,,,,,,,,30.095,69.2915,,,,,76.7039
1986-10-01,,,,,,,,,25.0819,24.9678,,,,,73.7012
1986-11-01,,,,,,,,,26.7756,24.0441,,,,,72.3077
1986-12-01,,,,,,,,,38.734,23.6771,,,,,69.5552
1987-01-01,,,,,,,,,46.9427,25.2191,,,,,66.2262
1987-02-01,,,,,,,,,30.2574,27.1912,,,,,65.4662
1987-03-01,,,,,,,,,33.2664,31.3892,,,,,70.9752
1987-04-01,,,,,,,,,57.3188,43.1878,,,,,72.1035
1987-05-01,,,,,,,,,44.3516,37.5194,,,,,84.3431
1987-06-01,,,,,,,,,41.3534,70.934,,,,,85.0719
1987-07-01,,,,,,,,,33.1911,58.792,,,,,76.7652
1987-08-01,,,,,,,,,26.4575,46.1542,,,,,77.5568
1987-09-01,,,,,,,,,25.6025,30.095,,,,,73.7094
1987-10-01,,,,,,,,,25.6536,25.0819,,,,,72.6997
1987-11-01,,,,,,,,,28.2353,52.7756,,,,,83.8277
1987-12-01,,,,,,,,,38.536,38.734,,,,,72.0864
1988-01-01,,,,,,,,,39.9536,36.9427,,,,,74.231
1988-02-01,,,,,,,,,37.0771,21.2574,,,,,69.2383
1988-03-01,,,,,,,,,37.2588,33.2664,,,,,71.9159
1988-04-01,,,,,,,,,38.1684,57.3188,,,,,92.542
1988-05-01,,,,,,,,,37.2717,65.3516,,,,,107.7397
1988-06-01,,,,,,,,,37.1642,41.3534,,,,,86.947
1988-07-01,,,,,,,,,29.6316,69.1911,,,,,83.8997
1988-08-01,,,,,,,,,29.2056,86.4575,,,,,100.3915
1988-09-01,,,,,,,,,33.0415,25.6025,,,,,102.366
1988-10-01,,,,,,,,,30.1809,25.6536,,,,,108.0163
1988-11-01,,,,,,,,,39.2912,28.2353,,,,,89.0542
1988-12-01,,,,,,,,,57.3736,38.536,,,,,76.4345
1989-01-01,,,,,,,,,35.7122,39.9536,,,,,72.3784
1989-02-01,,,,,,,,,32.3103,37.0771,,,,,72.8417
1989-03-01,,,,,,,,,30.2247,37.2588,,,,,72.1842
1989-04-01,,,,,,,,,29.1321,38.1684,,,,,83.1703
1989-05-01,,,,,,,,,28.115,37.2717,,,,,92.3747
1989-06-01,,,,,,,,,26.9611,37.1642,,,,,87.5493
1989-07-01,,,,,,,,,25.4074,86.6316,,,,,81.9268
1989-08-01,,,,,,,,,24.607,73.2056,,,,,90.3539
1989-09-01,,,,,,,,,25.3303,33.0415,,,,,95.2956
1989-10-01,,,,,,,,,23.849,30.1809,,,,,91.2887
1989-11-01,,,,,,,,,24.4511,39.2912,,,,,80.9287
1989-12-01,,,,,,,,,29.1867,26.3736,,,,,79.4653
1990-01-01,,,,,,,,,32.9136,,,,,,81.6387
1990-02-01,,,,,,,,,39.1308,,,,,,80.5093
1990-03-01,,,,,,,,,35.2581,,,,,,94.42
1990-04-01,,,,,,,,,39.3007,,,,,,117.0897
1990-05-01,,,,,,,,,34.4783,,,,,,101.2377
1990-06-01,,,,,,,,,27.4004,,,,,,92.693
1990-07-01,,,,,,,,,25.7354,,,,,,84.3258
1990-08-01,,,,,,,,,24.7118,,,,,,80.7973
1990-09-01,,,,,,,,,23.8464,,,,,,79.4755
1990-10-01,,,,,,,,,24.1263,,,,,,86.4837
1990-11-01,,,,,,,,,23.0332,,,,,,75.8989
1990-12-01,,,,,,,,,25.6886,,,,,,
1991-01-01,,,,,,,,,28.4272,,,,,,
1991-02-01,,,,,,,,,35.3103,,,,,,
1991-03-01,,,,,,,,,35.1267,,,,,,
1991-04-01,,,,,,,,,41.989,,,,,,
1991-05-01,,,,,,,,,43.1587,,,,,,
1991-06-01,,,,,,,,,33.5006,,,,,,
1991-07-01,,,,,,,,,27.6016,,,,,,
1991-08-01,,,,,,,,,25.2891,,,,,,
1991-09-01,,,,,,,,,26.5496,,,,,,
1991-10-01,,,,,,,,,26.6191,,,,,,
1991-11-01,,,,,,,,,24.2842,,,,,,
1991-12-01,,,,,,,,,23.7099,,,,,,
1992-01-01,,,,,,,,,33.1434,,,,,,
1992-02-01,,,,,,,,,32.7655,,,,,,
1992-03-01,,,,,,,,,29.4261,,,,,,
1992-04-01,,,,,,,,,26.9293,,,,,,
1992-05-01,,,,,,,,,24.4375,,,,,,
1992-06-01,,,,,,,,,23.6901,,,,,,
1992-07-01,,,,,,,,,42.1032,,,,,,
1992-08-01,,,,,,,,,22.6619,,,,,,
1992-09-01,,,,,,,,,26.0797,,,,,,
1992-10-01,,,,,,,,,28.7366,,,,,,
1992-11-01,,,,,,,,,44.4192,,,,,,
1992-12-01,,,,,,,,,39.9817,,,,,,
1993-01-01,,,,,,,,,55.4075,,,,,,
1993-02-01,,,,,,,,,36.2888,,,,,,
1993-03-01,,,,,,,,,27.0473,,,,,,
1993-04-01,,,,,,,,,31.0175,,,,,,
1993-05-01,,,,,,,,,28.7712,,,,,,
1993-06-01,,,,,,,,,24.664,,,,,,
1993-07-01,,,,,,,,,24.4646,,,,,,
1993-08-01,,,,,,,,,26.8448,,,,,,
1993-09-01,,,,,,,,,25.4034,,,,,,
1993-10-01,,,,,,,,,31.1717,,,,,,
1993-11-01,,,,,,,,,31.0103,,,,,,
1993-12-01,,,,,,,,,35.709,,,,,,
1994-01-01,,,,,,,,,,,,,,,
1994-02-01,,,,,,,,,,,,,,,
1994-03-01,,,,,,,,,,,,,,,
1994-04-01,,,,,,,,,,,,,,,
1994-05-01,,,,,,,,,,,,,,,
1994-06-01,,,,,,,,,,,,,,,
1994-07-01,,,,,,,,,,,,,,,
1994-08-01,,,,,,,,,,,,,,,
1994-09-01,,,,,,,,,,,,,,,
1994-10-01,,,,,,,,,,,,,,,
1994-11-01,,,,,,,,,,,,,,,
1994-12-01,,,,,,,,,,,,,,,
1995-01-01,,,,,,,,,,,,,,,
1995-02-01,,,,,,,,,,,,,,,
1995-03-01,,,,,,,,,,,,,,,
1995-04-01,,,,,,,,,,,,,,,
1995-05-01,,,,,,,,,,,,,,,
1995-06-01,,,,,,,,,,,,,,,
1995-07-01,,,,,,,,,,,,,,,
1995-08-01,,,,,,,,,,,,,,,
1995-09-01,,,,,,,,,,,,,,,
1995-10-01,,,,,,,,,,,,,,,
1995-11-01,,,,,,,,,,,,,,,
1995-12-01,,,,,,,,,,,,,,,
1996-01-01,,,,,,,,,,,,,,,
1996-02-01,,,,,,,,,,,,,,,
1996-03-01,,,,,,,,,,,,,,,
1996-04-01,,,,,,,,,,,,,,,
1996-05-01,,,,,,,,,,,,,,,
1996-06-01,,,,,,,,,,,,,,,
1996-07-01,,,,,,,,,,,,,,,
1996-08-01,,,,,,,,,,,,,,,
1996-09-01,,,,,,,,,,,,,,,
1996-10-01,,,,,,,,,,,,,,,
1996-11-01,,,,,,,,,,,,,,,
1996-12-01,,,,,,,,,,,,,,,
1997-01-01,,,,,,,,,,,,,,,
1997-02-01,,,,,,,,,,,,,,,
1997-03-01,,,,,,,,,,,,,,,
1997-04-01,,,,,,,,,,,,,,,
1997-05-01,,,,,,,,,,,,,,,
1997-06-01,,,,,,,,,,,,,,,
1997-07-01,,,,,,,,,,,,,,,
1997-08-01,,,,,,,,,,,,,,,
1997-09-01,,,,,,,,,,,,,,,
1997-10-01,,,,,,,,,,,,,,,
1997-11-01,,,,,,,,,,,,,,,
1997-12-01,,,,,,,,,,,,,,,
1998-01-01,,,,14.12885766,,,,,,,,,,,
1998-02-01,,,,8.404717852,,,,,,,,,,,
1998-03-01,,,,4.299708973,,,,,,,,,,,
1998-04-01,,,,5.688180693,,,,,,,,,,,
1998-05-01,,,,12.59680204,,,,,,,,,,,
1998-06-01,,,,6.948817873,,,,,,,,,,,
1998-07-01,,,,3.444900992,,,,,,,,,,,
1998-08-01,,,,8.38205995,,,,,,,,,,,
1998-09-01,,,,2.004621127,,,,,,,,,,,
1998-10-01,,,,2.282308572,,,,,,,,,,,
1998-11-01,,,,1.987713975,,,,,,,,,,,
1998-12-01,,,,1.924711711,,,,,,,,,,,
1999-01-01,,,,5.495619035,,,,,,,,,,,
1999-02-01,,,,3.08521216,,,,,,,,,,,
1999-03-01,,,,2.622443323,,,,,,,,,,,
1999-04-01,,,,3.340633384,,,,,,,,,,,
1999-05-01,,,,6.352165357,,,,,,,,,,,
1999-06-01,,,,6.08892851,,,,,,,,,,,
1999-07-01,,,,3.133512153,,,,,,,,,,,
1999-08-01,,,,1.909682234,,,,,,,,,,,
1999-09-01,,,,1.488574456,,,,,,,,,,,
1999-10-01,,,,2.246457219,,,,,,,,,,,
1999-11-01,,,,2.608628721,,,,,,,,,,,
1999-12-01,,,,5.396177689,,,,,,,,,,,
2000-01-01,,,,5.135585901,,,,,,,,,,,
2000-02-01,,,,3.440872692,,,,,,,,,,,
2000-03-01,,,,4.713332457,,,,,,,,,,,
2000-04-01,,,,2.206451056,,,,,,,,,,,
2000-05-01,,,,2.783328453,,,,,,,,,,,
2000-06-01,,,,2.152508417,,,,,,,,,,,
2000-07-01,,,,3.224977438,,,,,,,,,,,
2000-08-01,,,,1.013583529,,,,,,,,,,,
2000-09-01,,,,0.853954207,,,,,,,,,,,
2000-10-01,,,,0.769125995,,,,,,,,,,,
2000-11-01,,,,1.665670838,,,,,,,,,,,
2000-12-01,,,,1.611778672,,,,,,,,,,,
2001-01-01,,,,2.895327733,,,,,,,17.8047,,,,
2001-02-01,,,,3.548915794,,,,,,,5.767,,,,
2001-03-01,,,,2.87064432,,,,,,,6.8037,,,,
2001-04-01,,,,3.621236795,,,,,,,19.8665,,,,
2001-05-01,,,,6.956098933,,,,,,,11.6496,,,,
2001-06-01,,,,3.928341304,,,,,,,4.0175,,,,
2001-07-01,,,,2.081403462,,,,,,,2.6991,,,,
2001-08-01,,,,6.323395222,,,,,,,3.0643,,,,
2001-09-01,,,,1.186938353,,,,,,,7.3451,,,,
2001-10-01,,,,1.382348919,,,,,,,31.1006,,,,
2001-11-01,,,,1.98822787,,,,,,,54.2021,,,,
2001-12-01,,,,5.208280033,,,,,,,29.4792,,,,
2002-01-01,,,,5.532451651,,,,,,,11.1557,,3.661468178,,
2002-02-01,,,,3.12884807,,,,,,,5.4914,,1.522365321,,
2002-03-01,,,,3.185121223,,,,,,,8.0366,,5.375252815,,
2002-04-01,,,,10.98348893,,,,,,,9.2909,,11.14119626,,
2002-05-01,,,,16.05576736,,,,,,,42.1892,,27.24474756,,
2002-06-01,,,,4.815267003,,,,,,,5.9158,,13.66696542,,
2002-07-01,,,,2.790804882,,,,,,,3.0035,,5.505119745,,
2002-08-01,,,,1.736478186,,,,,,,2.1972,,5.176140959,,
2002-09-01,,,,1.491384622,,,,,,,2.5684,,3.120818062,,
2002-10-01,,,,1.276226775,,,,,,,5.7769,,7.33507588,,
2002-11-01,,,,8.248285592,,,,,,,9.2256,,13.48409243,,
2002-12-01,,,,5.918846838,,,,,,,30.821,,10.9881955,,
2003-01-01,7.544,12.573,166.0103,6.018062443,8.235,9.8,133.77,9.3279,,,6.4647,10.548,11.20274349,25.2459792,
2003-02-01,4.708,8.802,177.781,3.525246853,6.09,8.3706,79.8,6.766,,,3.7009,9.192,2.956142501,10.4955552,
2003-03-01,4.32,5.907,320.8,2.541691223,4.515,6.9244,52.759,4.182,,,3.1173,7.89,2.456689426,16.532568,
2003-04-01,5.328,10.968,470.918,4.08966479,7.665,6.4974,39.053,3.961,,,43.3075,9.342,11.93916484,40.766544,
2003-05-01,12.884,16.956,248.6924,4.544870047,14.7475,11.039,38.437,4.5866,,,5.4707,25.368,27.72068652,42.548688,
2003-06-01,11.408,15.9,379.3643,2.364639062,12.5,8.8802,33.649,3.3252,,,4.2119,27.336,24.72910778,27.9987552,
2003-07-01,9.724,13.785,359.0856,8.776907521,11.2,4.1594,16.177,0.93466,,,2.7183,21.18,23.62431793,27.2063376,
2003-08-01,10.788,11.292,66.397,3.085560501,7.0925,1.5456,6.7445,0.166957,,,5.2547,21.006,14.26936121,26.3248128,
2003-09-01,9.396,12.246,265.7233,1.683788765,7.4775,2.177,3.2809,0.07072,,,10.6707,17.088,12.10045365,31.1429664,
2003-10-01,7.56,11.289,89.5224,2.553583406,6.5875,1.8984,1.9516,0.051102,,,6.1605,20.832,6.889329116,21.9681072,
2003-11-01,7.3,8.916,32.5148,8.342946635,5.65,0.71862,9.499,0.37876,,,13.0242,9.402,7.890617971,18.6424992,
2003-12-01,2.2552,11.013,274.0324,9.617120923,5.0675,2.4234,67.221,6.0843,,,5.6134,4.4334,6.009852345,35.929296,
2004-01-01,2.6344,10.239,60.7193,7.720546546,5.5725,4.5178,50.61,6.1795,,,3.7543,4.0626,4.035216241,25.8379056,
2004-02-01,2.9248,8.439,296.3228,2.243356779,5.0075,5.5454,46.221,5.4264,,,4.756,5.6904,2.010762915,14.0630256,
2004-03-01,4.74,8.901,467.2043,10.57045969,7.3525,7.9926,37.121,5.0983,,,8.4654,6.93,2.10896932,20.3769072,
2004-04-01,14.628,15.957,268.386,11.62541964,11.8925,10.6708,49.56,5.0405,,,11.027,15.63,15.47210278,56.869488,
2004-05-01,11.64,15.867,260.0181,9.748533716,14.8825,13.4736,58.45,5.0762,,,3.3579,28.944,16.00536823,32.30136,
2004-06-01,6.328,11.328,163.2528,6.263227621,10.01,9.352,36.12,3.349,,,1.7755,14.754,9.254900644,17.7705216,
2004-07-01,5.78,6.243,520.7439,6.871583566,6.36,4.7054,13.125,0.6953,,,1.7626,6.096,5.115363274,11.4311808,
2004-08-01,5.312,5.382,56.5601,6.264901409,5.085,1.4406,1.5309,0.20383,,,2.5325,1.8384,7.280862631,18.760248,
2004-09-01,4.244,8.028,91.6228,1.967256701,6.7425,0.39886,8.435,0.089862,,,3.679,2.139,11.77887224,26.9740224,
2004-10-01,2.8284,10.887,26.1171,3.740840837,6.5975,1.5722,12.698,0.15181,,,6.6534,5.1654,11.23922371,22.6077696,
2004-11-01,4.416,11.814,80.3758,7.829829636,7.405,3.0758,38.724,2.0519,,,13.7945,3.6066,22.54818854,31.7794464,
2004-12-01,6.216,12.729,110.021,2.131698397,6.86,5.5734,77.35,7.1638,,,9.0367,5.3424,8.847430771,34.306272,
2005-01-01,3.9112,11.07,146.7635,0.931395497,6.6475,12.5272,64.561,7.9815,,,3.107,5.9508,3.264655581,21.3029856,
2005-02-01,3.3248,9.393,205.2951,0.820304746,6.0525,12.4922,42.525,6.6164,,,2.134,5.424,1.83164443,17.0449344,
2005-03-01,4.92,8.298,330.7021,0.671798273,6.8425,14.35,58.52,5.7256,,,2.741,14.25,6.276243294,27.1013184,
2005-04-01,8.412,11.559,410.6354,0.807813246,9.52,10.7366,36.519,4.1769,,,5.93,6.336,12.93492601,31.919472,
2005-05-01,10.584,18.888,230.3618,0.988332876,15.89,9.6292,73.22,3.7842,,,9.4834,14.22,27.13687347,55.437408,
2005-06-01,7.444,16.338,220.2775,0.587073631,14.3525,8.1088,46.501,3.0583,,,12.0556,15.96,24.20094325,34.465392,
2005-07-01,7.816,11.79,65.2093,0.374920956,7.1675,4.6662,26.404,0.92327,,,1.8881,13.776,12.7794985,20.5232976,
2005-08-01,11.808,8.943,67.5893,0.268235053,4.9275,1.35114,10.185,0.39899,,,2.9672,17.16,14.81811633,19.842264,
2005-09-01,9.492,7.287,496.2617,0.368069246,5.1725,0.35308,4.4366,0.74477,,,15.904,14.1,11.51812263,11.8767168,
2005-10-01,4.776,4.983,96.3899,0.941745023,3.49,0.124558,8.561,0.83113,,,11.3938,15.618,10.2935644,9.4962816,
2005-11-01,2.9744,6.099,386.0934,1.033105099,4.9975,0.78862,31.192,2.6435,,,3.7632,8.472,13.64881419,14.1107616,
2005-12-01,3.442,4.641,410.5747,0.414765717,3.8625,2.6334,14.133,2.2083,,,6.4309,3.4812,5.88605182,7.605936,
2006-01-01,3.8528,2.4186,370.8767,0.028023228,2.5875,3.9676,10.64,1.19255,,,1.9882,1.0554,1.666191298,9.2576016,
2006-02-01,1.0712,2.9544,398.411,0.00755844,1.3675,2.485,10.857,0.50966,,,2.5878,1.326,1.788910434,4.4267184,
2006-03-01,6.276,9.693,328.8134,0.008733151,5.88,9.3492,54.124,3.9015,,,8.0515,13.926,4.924193972,26.207064,
2006-04-01,13.408,16.257,369.2961,0.122656812,11.3325,9.198,117.95,6.341,,,7.183,14.184,20.03807095,46.494864,
2006-05-01,13.384,21.441,350.0295,0.52612608,18.83,11.6158,103.6,6.528,,,3.3724,17.466,26.42134477,56.4876,
2006-06-01,10.488,19.269,520.958,0.718392791,14.395,10.1486,68.096,4.4812,,,1.9943,14.238,23.20950062,36.565776,
2006-07-01,8.4,14.127,110.0753,0.305411174,8.7525,5.2514,33.103,1.9856,,,2.3957,6.726,11.24945529,24.4822032,
2006-08-01,5.712,8.697,146.4071,0.184633957,6.1475,2.0286,14.182,0.25194,,,2.4192,10.644,7.274675561,15.8419872,
2006-09-01,4.004,7.266,186.0708,0.014084835,5.2525,0.65464,4.5528,0.095183,,,2.3911,5.4678,8.109913707,16.2493344,
2006-10-01,3.4316,7.488,108.9618,0.00755844,4.8475,0.096236,11.984,0.3519,,,9.0548,2.5638,12.50211122,16.5134736,
2006-11-01,11.528,17.298,216.0419,0.504828898,9.96,5.5062,145.39,5.1272,,,21.9294,18.942,18.116537,70.553808,
2006-12-01,10.736,22.614,336.4369,1.645693063,16.0125,11.3778,214.62,14.0692,,,,11.226,27.80484124,75.359232,
2007-01-01,11.096,22.959,266.9727,2.622821738,16.12,12.5832,229.67,15.6298,,,8.7861823,14.706,15.71138801,55.21464,
2007-02-01,12.412,20.826,344.8498,2.644680394,15.135,14.042,213.36,15.5261,,,4.703883426,16.614,9.838843686,39.366288,
2007-03-01,8.144,19.191,320.2563,1.782627378,12.92,11.3988,125.3,10.2068,,,3.709614541,15.054,6.341622231,44.680896,
2007-04-01,9.004,13.923,472.7524,1.473619756,9.665,10.5126,99.05,6.6657,,,5.345399714,14.7,10.22983812,36.183888,
2007-05-01,11.18,15.282,527.0849,1.743038508,13.5975,9.065,65.709,4.9691,,,5.367949759,18.264,19.76811393,40.193712,
2007-06-01,8.412,12.63,148.7664,1.544732077,10.59,6.5828,53.487,3.1603,,,8.918444695,20.43,21.6767602,32.555952,
2007-07-01,9.868,11.604,86.1094,0.885945723,7.9775,4.1342,33.887,1.21839,,,3.219351992,20.586,11.5763526,27.5468544,
2007-08-01,9.52,11.097,226.1082,0.629338864,6.0575,1.5274,21.336,0.55811,,,3.614915412,20.37,13.7036554,27.2668032,
2007-09-01,14.636,10.281,90.4405,0.829089862,8.5925,2.2302,33.481,1.28214,,,18.42613553,28.434,16.2275177,27.7250688,
2007-10-01,5.224,9.117,108.5161,1.506011837,6.065,1.8774,31.752,1.47118,,,14.3595807,22.11,16.86442406,20.04912,
2007-11-01,5.576,8.166,168.1962,1.358976566,4.4175,2.2764,39.984,1.58185,,,30.080534,10.152,14.02239671,17.996472,
2007-12-01,2.87,6.645,198.4529,4.285257686,5.62,5.285,72.94,6.1064,,,21.7298517,5.1732,4.350809605,20.574216,
2008-01-01,1.7736,4.332,168.9875,3.222054546,3.445,5.054,61.516,6.6198,,,8.057637455,2.0178,2.186323815,8.337888,
2008-02-01,2.4092,3.453,430.4605,2.73645643,3.3375,6.1544,56.427,6.8204,,,5.267087369,2.298,2.211314352,8.5638384,
2008-03-01,4.12,5.793,310.9406,2.217200313,4.8325,12.9024,81.06,6.1948,,,17.53957341,2.4456,4.840330966,24.870456,
2008-04-01,6.54,12.411,310.1121,3.530738308,8.91,12.2038,76.23,6.9496,,,19.87234318,5.5944,16.9938152,39.30264,
2008-05-01,6.86,14.529,302.8951,4.384466797,12.0025,11.0838,44.226,5.5386,,,5.186925963,6.354,18.80646515,31.0856832,
2008-06-01,5.22,14.781,96.1778,4.446268304,9.755,6.8026,21.546,2.7506,,,4.86634345,9.978,23.79136327,29.5549488,
2008-07-01,3.2912,10.437,98.7277,2.697290109,6.46,3.2298,7.105,0.42908,,,1.334962447,6.378,10.51665179,25.8188112,
2008-08-01,4.64,9.831,69.8555,1.900042155,4.47,1.19882,0.9023,0.138686,,,3.387695573,6.39,11.66548251,24.7940784,
2008-09-01,6.304,8.982,45.8471,1.603072868,5.455,1.5204,15.582,0.15623,,,2.189768286,12.372,18.69055862,19.428552,
2008-10-01,6.64,10.497,630.875,1.654640754,5.495,3.2746,109.06,2.1301,,,1.53012122,15.084,22.91117734,28.7338896,
2008-11-01,6.768,12.738,480.8244,2.154485628,7.795,6.545,95.9,4.7804,,,1.520571462,17.28,24.45327925,35.292816,
2008-12-01,5.232,10.005,418.6008,3.00817025,7.805,7.4326,66.465,5.6508,,,1.829629993,11.01,7.859600761,17.901,
2009-01-01,3.5124,7.158,110.5069,,4.635,5.2906,63.196,5.5318,,,3.037967374,4.9338,3.638684584,16.7044176,
2009-02-01,1.1388,6.321,89.4503,,3.5425,4.1118,41.65,7.106,,,7.101714162,2.4408,2.483033229,13.3628976,
2009-03-01,0.5644,4.899,309.1598,,2.7675,6.608,26.803,6.2373,,,9.701246295,0.7842,1.812275491,10.2250512,
2009-04-01,5.132,10.224,372.7451,,5.7625,8.6982,66.927,19.907,,,14.60348167,4.092,16.22148298,32.93784,
2009-05-01,10.84,13.983,538.5873,,11.07,13.3336,51.079,8.2348,,,9.694132198,15.342,23.98234944,37.043136,
2009-06-01,7.504,13.161,98.8099,,10.405,12.1282,30.653,4.9844,,,21.678806,13.344,15.46090461,17.9551008,
2009-07-01,6.256,9.552,88.8134,,7.3925,7.1274,15.547,1.7748,,,30.34952889,8.406,6.464161779,11.2084128,
2009-08-01,4.968,5.877,272.0249,,5.33,2.6656,3.6414,0.27778,,,39.75587458,4.2966,7.097126359,13.6715904,
2009-09-01,6.9,8.139,112.1965,,7.055,0.66248,1.981,0.138193,,,7.621852836,0.38382,7.114436381,24.8099904,
2009-10-01,3.9676,8.781,285.4825,,6.04,0.66248,7.791,0.40647,,,3.181877107,2.3136,9.414252306,15.3582624,
2009-11-01,3.2888,9.765,120.8391,,8.64,3.8962,40.887,3.4051,,,1.850698913,1.6644,10.0512399,21.5321184,
2009-12-01,9.056,13.131,253.382,,6.23,11.3148,100.94,10.2255,,,3.090583354,11.604,9.40925053,43.185168,
2010-01-01,7.804,13.944,523.3939,,9.815,13.1068,130.13,12.019,,,7.152509767,16.38,10.11518698,67.8096,
2010-02-01,10.064,12.747,630.7113,,9.75,12.6966,177.8,13.7768,,,19.86136161,15.384,4.215402922,47.1546,
2010-03-01,9.604,13.887,930.2106,,11.8475,13.7074,183.12,13.6527,,,11.85507807,21.39,16.63080095,74.358,
2010-04-01,11.312,16.134,876.3243,,15.0625,18.34,122.01,11.0585,,,5.431547995,27.414,20.03979959,90.0252,
2010-05-01,15.164,23.295,480.1642,,23.0325,16.24,151.69,16.8793,,,3.197356527,32.976,28.87389613,137.5776,
2010-06-01,8.796,20.664,18.9246,,15.1725,10.8542,60.438,6.2696,,,3.128849833,24.57,20.628393,83.538,
2010-07-01,6.732,13.923,96.0952,,10.025,5.4418,23.492,2.6673,,,4.497821851,16.248,10.60163795,58.5072,
2010-08-01,9.616,10.758,86.9182,,9.14,1.7962,6.3784,0.39967,,,7.527634499,17.55,6.862673468,51.69564,
2010-09-01,9.312,9.522,90.6763,,7.23,1.5064,7.77,0.26945,,,4.190882339,23.832,9.545028315,54.47412,
2010-10-01,7.276,9.675,98.4098,,6.04,1.869,19.831,0.27183,,,3.466889203,15.27,14.7740965,47.7054,
2010-11-01,6.18,10.227,150.7075,,6.4875,3.857,28.483,1.24491,,,3.669563331,10.62,13.46988583,48.62952,
2010-12-01,4.804,10.647,280.2148,,6.6825,5.4082,60.718,4.5526,,,21.22520139,4.5582,4.743829406,63.4644,
2011-01-01,3.7788,10.053,324.4006,,6.145,6.5212,57.477,5.9823,,,,1.4094,2.111828076,43.20108,
2011-02-01,2.5124,6.522,265.6485,,5.28,7.8386,37.408,5.2462,,,,0.8028,1.601409804,25.34292,
2011-03-01,2.7444,4.434,268.2971,,4.56,12.957,42.427,4.505,,,,6.828,4.034984747,33.1398,
2011-04-01,4.284,6.834,362.4944,,6.0225,15.876,33.628,5.5896,,,,6.96,8.215482392,36.15084,
2011-05-01,8.36,11.922,324.4819,,14.0475,10.6176,48.174,6.2254,,,,22.494,20.52875878,67.932,
2011-06-01,8.832,11.619,172.3929,,10.4175,7.2366,37.59,4.7413,,,,13.212,12.74456878,40.53276,
2011-07-01,9.02,10.308,558.2293,,8.03,4.893,24.087,2.0638,,,,17.136,6.150998862,37.80324,
2011-08-01,9.948,13.38,137.7021,,7.6875,5.2136,38.43,1.25528,,,,28.908,11.25626771,80.2332,
2011-09-01,11.388,13.386,720.9346,,8.0125,4.9966,69.706,2.0264,,,,29.04,18.30836492,55.23912,
2011-10-01,10.964,12.864,1258.2249,,9.08,5.1968,102.41,4.0341,,,,25.818,15.41441021,52.71156,
2011-11-01,9.128,16.593,192.156065,,12.3725,17.528,178.85,9.8209,,,,20.4,28.22034593,108.5688,
2011-12-01,10.392,20.04,358.3416,,14.21,17.15,221.83,13.8074,,,,15.972,21.04858725,98.4096,
2012-01-01,5.268,12.654,160.2633,,7.9775,12.0736,127.54,12.0547,,,,8.784,5.077,38.12148,
2012-02-01,2.3004,6.282,302.561,,3.42,7.2128,70.21,7.7775,,,,2.7102,2.0079,19.22904,
2012-03-01,2.3196,5.919,318.2317,,4.2025,6.9356,33.152,6.5807,,,,5.0094,1.531,39.474,
2012-04-01,11.332,15.768,570.5274,,10.2425,6.5744,95.2,8.1719,,,,9.36,12.8036,135.3132,
2012-05-01,14.092,18.81,266.8308,,16.3,9.2792,131.04,7.8727,,,,33.288,26.3849,105.3864,
2012-06-01,12.944,20.793,230.4819,,15.2275,8.477,89.04,6.3597,,,,27.33,22.8644,104.652,
2012-07-01,9.464,19.263,142.3634,,11.58,3.892,53.697,2.6605,,,,19.098,17.2291,91.3104,
2012-08-01,9.904,16.095,101.2287,,10.49,1.12574,35.091,0.89233,,,,19.704,12.4346,69.5232,
2012-09-01,8.368,17.397,128.5907,,11.2925,1.7878,32.018,2.4089,,,,24.714,16.0141,100.4292,
2012-10-01,6.764,15.213,179.9516,,7.925,1.7626,49.245,3.3643,,,,17.646,17.4477,63.8316,
2012-11-01,10.016,19.029,98.8486,,11.44,4.6802,92.96,6.5195,,,,15.948,20.8487,116.7084,
2012-12-01,9.3,21.21,138.2556,,11.59,5.6294,135.94,11.186,,,,12.126,19.2379,120.3804,
2013-01-01,4.728,16.716,190.6667,,9.045,7.3192,133.7,11.5872,,,,5.5824,14.8389,73.134,
2013-02-01,3.7964,15.051,183.9919,,6.905,6.0956,92.05,10.0368,,,,5.5566,4.4244,56.10204,
2013-03-01,3.5796,10.665,179.0346,,7.0175,6.0298,82.53,7.2709,,,,6.51,5.6294,72.5832,
2013-04-01,13.364,22.152,208.759,,16.965,16.31,137.27,8.33,,,,18.282,28.803,170.9316,
2013-05-01,12.604,21.453,228.048,,19.5275,15.834,121.45,8.1549,,,,32.094,29.1099,93.0852,
2013-06-01,10.112,16.926,220.2232,,12.2425,9.3744,72.66,5.0932,,,,24.408,17.65,69.156,
2013-07-01,8.616,12.627,198.3935,,9.1875,4.508,26.971,1.40964,,,,20.604,7.0216,57.71772,
2013-08-01,7.208,8.427,187.8964,,4.9875,0.85232,15.323,0.34748,,,,21.03,7.4076,42.69312,
2013-09-01,11.084,9.534,120.6017,,4.645,0.49322,10.773,0.38777,,,,18.108,7.1667,49.91472,
2013-10-01,5.968,10.743,100.9905,,6.4675,2.1756,12.327,0.7089,,,,17.676,9.6495,52.479,
2013-11-01,4.7,11.967,201.138,,5.32,2.5928,38.941,2.7081,,,,10.878,16.5567,75.7656,
2013-12-01,6.64,13.758,213.1699,,8.655,6.0844,91.07,7.3627,,,,5.9928,8.6882,74.4192,
2014-01-01,4.776,10.332,209.4298,,7.785,8.5526,87.92,7.0805,,,,6.3336,5.1263,47.63196,
2014-02-01,5.856,8.895,191.3381,,8.18,10.5756,60.963,5.6644,,,,6.44,2.1484,39.3822,
2014-03-01,5.92,10.596,175.0432,,9.18,13.7298,59.878,4.4268,,,,11.9616,5.2458,57.18528,
2014-04-01,4.952,12.903,205.6733,,8.695,11.9112,44.009,5.6066,,,,8.204,17.2883,61.9956,
2014-05-01,8.68,12.882,276.8577,,10.4125,7.5264,26.187,5.3584,,,,11.1608,24.1664,66.402,
2014-06-01,10.256,15.948,254.6845,,8.98,4.4856,22.722,3.3133,,,,8.4,18.3542,83.1096,
2014-07-01,3.8012,10.944,241.0999,,6.7275,1.729,9.282,0.71536,,,,11.1328,8.2805,50.89392,
2014-08-01,9.64,14.874,221.751,,6.61,2.7986,6.4204,0.22525,,,,11.3904,11.5771,78.7032,
2014-09-01,7.476,15.255,199.0899,,8.115,4.4968,23.422,1.5181,,,,17.024,17.8283,60.18408,
2014-10-01,6.672,13.611,191.8734,,6.46,4.4464,53.634,2.7489,,,,11.0992,20.3917,52.68096,
2014-11-01,6.328,12.633,228.3353,,5.73,4.3736,62.699,4.6053,,,,4.4968,18.8576,60.71652,
2014-12-01,4.744,13.098,268.0424,,7.3725,6.1754,83.3,6.2288,,,,8.4112,14.0116,69.8292,
2015-01-01,1.53238,17.2276,283.6058,,3.0324,,58.4353,5.9926,,,,3.19368,2.697,15.92032,
2015-02-01,1.13186,13.1352,279.2627,,1.29402,,30.9463,3.6195,,,,1.0836,1.4845,8.27344,
2015-03-01,0.7837,9.5446,269.8214,,1.27554,,34.9734,2.5099,,,,4.41168,1.4287,11.6056,
2015-04-01,7.5956,18.4288,378.7767,,9.4794,,187.803,9.1922,,,,5.33624,16.6981,69.6336,
2015-05-01,14.4194,23.1556,398.1559,,16.6236,,137.83,9.4563,,,,20.0032,27.8639,63.4392,
2015-06-01,9.894,19.0346,313.993,,14.9478,,96.866,6.6709,,,,14.1568,26.3193,55.1444,
2015-07-01,9.1188,12.324,283.9774,,11.382,,55.209,3.4713,,,,9.9512,15.3069,33.08308,
2015-08-01,6.1302,8.6216,262.7065,,5.6826,,21.4368,0.47633,,,,5.5104,8.7326,19.39844,
2015-09-01,4.675,8.7984,187.7194,,5.0001,,3.88311,0.14915,,,,1.36304,9.4658,29.55868,
2015-10-01,5.6372,11.2918,98.1384,,3.5994,,23.9393,0.5833,,,,1.39104,11.8645,32.7164,
2015-11-01,7.242,11.6714,211.1464,,7.056,,178.948,8.1187,,,,13.188,26.312,59.8792,
2015-12-01,8.5612,9.1234,301.5205,,10.2417,,195.041,12.6844,,,,8.6632,23.6785,70.3456,
2016-01-01,5.9534,9.3288,348.3605,,8.8515,,159.313,12.9276,,,,7.3136,12.0411,40.762,
2016-02-01,4.6138,15.405,356.4915,,6.594,,102.025,9.4373,,,,6.8712,4.5465,22.56684,
2016-03-01,4.5662,16.5152,348.1266,,6.3819,,65.0804,5.1908,,,,9.128,2.1378,28.5334,
2016-04-01,7.9662,17.2068,368.5433,,9.6264,,93.632,5.8045,,,,10.472,17.4688,93.7704,
2016-05-01,12.223,19.7236,228.9461,,18.9819,,87.857,6.2434,,,,30.8616,23.2654,77.1096,
2016-06-01,6.987,17.4356,309.8559,,12.2094,,60.3295,4.2541,,,,26.544,10.1946,34.6566,
2016-07-01,6.4838,12.5814,183.3368,,7.7784,,27.9664,1.20821,,,,16.6656,4.3547,29.57648,
2016-08-01,5.967,13.4862,169.6861,,4.8447,,6.25009,0.21888,,,,11.5136,5.6228,23.3714,
2016-09-01,4.8824,12.0146,168.4673,,3.8346,,16.6243,0.111891,,,,8.2656,5.1081,16.53264,
2016-10-01,6.6504,11.1072,165.1755,,4.3974,,9.7328,0.83144,,,,10.1024,6.7635,18.48708,
2016-11-01,5.6066,11.7468,178.238,,5.271,,17.4174,1.13012,,,,5.59104,7.0939,27.96736,
2016-12-01,3.8862,21.6476,181.7021,,5.2185,,19.3116,2.7208,,,,4.49232,2.2645,18.02784,
2017-01-01,2.20082,15.8678,170.965,,3.5343,,14.3297,2.3674,,,,1.61392,0.8526,7.7074,
2017-02-01,2.2797,8.9362,268.2981,,2.7657,,11.242,2.2344,,,,2.48696,2.1395,18.37316,
2017-03-01,1.13866,8.4604,206.9728,,2.07522,,12.0505,3.0704,,,,2.7048,3.4648,20.8616,
2017-04-01,2.62684,18.5172,289.7647,,4.5381,,13.167,3.4162,,,,5.39336,5.2068,35.8492,
2017-05-01,6.6368,20.5634,270.9201,,11.676,,4.16724,2.6429,,,,12.1184,17.3784,58.6332,
2017-06-01,5.5386,18.7278,279.3639,,9.7188,,1.49072,0.76608,,,,5.6784,8.1386,33.67048,
2017-07-01,7.6942,14.9214,265.0597,,8.0241,,0.091322,0.141151,,,,10.7856,4.1679,43.3608,
2017-08-01,7.548,12.2278,159.4797,,5.5167,,0.049049,0.104747,,,,20.5856,5.228,32.77336,
2017-09-01,8.4694,10.7302,120.3273,,6.6045,,5.44236,0.186884,,,,23.2456,9.5381,35.37216,
2017-10-01,8.789,12.9298,148.7659,,6.6885,,24.6092,1.36743,,,,20.1432,6.8293,31.7552,
2017-11-01,8.9148,19.4454,156.4484,,7.8246,,49.9191,4.9419,,,,17.3488,12.0734,43.432,
2017-12-01,4.42,18.4444,216.7616,,7.1358,,41.7186,5.6753,,,,11.0824,3.5742,32.31412,
2018-01-01,3.4646,,222.4843,,4.6494,,38.6309,4.8849,,,,4.26048,1.4454,17.15208,
2018-02-01,1.92576,,307.7484,,2.7426,,26.873,3.7107,,,,2.33856,1.061,7.57568,
2018-03-01,5.4026,,300.9975,,7.5201,,85.778,6.4315,,,,10.8192,10.6242,45.4612,
2018-04-01,16.0072,,316.8811,,14.6454,,136.136,9.7432,,,,27.5352,23.7204,87.0064,
2018-05-01,24.1128,,376.1186,,17.4405,,143.99,9.3252,,,,51.2288,25.7714,77.8572,
2018-06-01,19.4378,,236.8572,,14.8071,,109.109,6.4334,,,,58.744,21.0467,56.4972,
2018-07-01,10.6692,,224.1407,,9.5592,,54.131,2.9013,,,,34.748,12.8722,43.076,
2018-08-01,8.5816,,210.7793,,7.4802,,36.7829,0.59755,,,,21.5712,5.299,28.65088,
2018-09-01,8.1226,,106.8376,,6.2307,,19.4656,0.32965,,,,20.4232,7.4314,23.5138,
2018-10-01,5.5692,,179.6473,,4.6914,,26.6343,1.00852,,,,8.7752,4.9958,39.9432,
2018-11-01,4.3724,,248.2721,,6.3651,,22.2376,1.83901,,,,2.0216,4.9685,40.3704,
2018-12-01,5.78,,308.5025,,8.5029,,101.64,6.9939,,,,5.01648,5.0422,51.6556,
2019-01-01,2.6979,,,,4.8867,,67.4058,7.4195,,,,3.7016,,20.71564,
2019-02-01,0.88196,,,,2.7216,,49.2569,5.5765,,,,3.29896,,14.21152,
2019-03-01,0.77826,,,,2.4885,,18.0257,3.7088,,,,2.52448,,20.74768,
2019-04-01,4.6308,,,,5.9787,,29.0829,2.9127,,,,4.39488,,31.72672,
2019-05-01,6.3308,,,,8.3727,,35.2044,4.9058,,,,15.3888,,38.5192,
2019-06-01,8.9182,,,,11.3001,,62.1159,6.1503,,,,15.736,,42.6132,
2019-07-01,8.4932,,,,8.2971,,46.4002,4.7215,,,,15.8592,,44.9628,
2019-08-01,7.293,,,,5.7687,,36.6135,1.61633,,,,14.252,,25.05528,
2019-09-01,10.8698,,,,6.7116,,50.4504,0.77919,,,,19.9192,,27.9816,
2019-10-01,11.6382,,,,7.0875,,122.43,5.1813,,,,19.9752,,62.834,
2019-11-01,7.2522,,,,10.0548,,181.104,17.955,,,,18.648,,70.1676,
2019-12-01,12.9608,,,,17.4867,,213.059,16.7219,,,,21.9688,,112.2468,
2020-01-01,11.5566,,,,16.8378,,226.688,16.0303,,,,16.3632,,62.2644,
2020-02-01,9.4044,,,,13.482,,170.17,13.7617,,,,13.7592,,47.2768,
2020-03-01,12.3182,,,,17.7996,,181.797,14.4514,,,,19.2808,,85.796,
2020-04-01,14.926,,,,18.3834,,183.029,14.3051,,,,24.5336,,82.0224,
2020-05-01,14.246,,,,19.0596,,155.617,13.0739,,,,39.116,,70.2032,
2020-06-01,10.9038,,,,14.3934,,95.557,8.5975,,,,31.2256,,56.2124,
2020-07-01,9.0576,,,,9.4899,,35.8589,4.1705,,,,30.3688,,52.6168,
2020-08-01,6.3036,,,,5.9976,,8.7934,0.79306,,,,20.6808,,35.9916,
2020-09-01,8.7754,,,,6.6045,,11.088,0.34143,,,,22.8984,,44.9272,
2020-10-01,8.8978,,,,6.5919,,15.1382,0.61142,,,,12.264,,64.3648,
2020-11-01,16.3608,,,,15.9033,,123.97,6.3384,,,,19.6224,,143.8952,
2020-12-01,7.5412,,,,11.6928,,90.398,8.322,,,,12.0624,,68.3876,
2021-01-01,6.7252,,,,10.0779,,105.413,8.9528,,,,,,44.3932,
2021-02-01,5.5386,,,,7.8267,,86.317,7.4727,,,,,,37.914,
2021-03-01,4.3248,,,,6.867,,53.5381,5.3656,,,,,,32.02576,
2021-04-01,8.5612,,,,12.9003,,60.4758,5.7798,,,,,,96.3692,
2021-05-01,13.4742,,,,16.884,,73.073,6.1921,,,,,,90.1392,
2021-06-01,5.9262,,,,11.5206,,50.6121,4.5942,,,,,,45.2476,
2021-07-01,9.5302,,,,9.4038,,19.481,1.62089,,,,,,35.7424,
2021-08-01,3.8862,,,,6.9573,,17.8948,0.32661,,,,,,34.532,
2021-09-01,8.2416,,,,8.5512,,18.2567,0.85272,,,,,,40.05,
2021-10-01,6.2254,,,,6.9258,,5.52244,0.48355,,,,,,34.21516,
2021-11-01,3.9066,,,,6.3231,,10.8416,2.3674,,,,,,36.3832,
2021-12-01,3.05218,,,,5.0526,,22.6226,4.1287,,,,,,26.7356,
2022-01-01,4.8314,,,,7.497,,52.8143,6.251,,,,,,40.1568,
2022-02-01,8.9386,,,,13.3371,,59.3978,7.1041,,,,,,62.6916,
2022-03-01,6.7354,,,,11.1846,,44.2057,6.0173,,,,,,51.5844,
2022-04-01,7.9696,,,,11.3925,,32.1398,5.7893,,,,,,61.3744,
2022-05-01,11.9714,,,,16.6194,,25.2714,6.3802,,,,,,67.284,
2022-06-01,7.2794,,,,12.2304,,14.8687,4.5258,,,,,,48.8432,
2022-07-01,6.6028,,,,8.1816,,7.57141,1.50499,,,,,,30.35612,
2022-08-01,7.463,,,,7.9779,,3.32178,0.70813,,,,,,58.74,
2022-09-01,8.2212,,,,7.8204,,10.2872,0.37677,,,,,,41.2604,
2022-10-01,6.6232,,,,6.9006,,6.7452,0.30533,,,,,,31.3814,
2022-11-01,10.5094,,,,9.6075,,30.4612,3.2813,,,,,,52.6524,
2022-12-01,8.381,,,,14.6265,,49.3031,5.947,,,,,,100.1428,
2023-01-01,4.1004,,,,9.8952,,48.8565,6.688,,,,,,36.9528,
2023-02-01,1.54156,,,,5.8884,,34.9118,4.6208,,,,,,17.6932,
2023-03-01,2.58468,,,,5.586,,62.6934,7.1478,,,,,,52.0828,
2023-04-01,8.6768,,,,10.8528,,115.192,12.8345,,,,,,83.4108,
2023-05-01,13.2974,,,,14.7441,,70.4704,10.3151,,,,,,65.86,
2023-06-01,7.3236,,,,12.0603,,40.2248,6.2909,,,,,,58.1704,
2023-07-01,5.3686,,,,8.6961,,8.9474,2.5194,,,,,,41.9368,
2023-08-01,3.4986,,,,5.0736,,0.91168,0.37525,,,,,,33.20768,
2023-09-01,8.7856,,,,7.0392,,2.82205,0.2432,,,,,,52.4744,
2023-10-01,6.1302,,,,7.4088,,2.0867,0.4332,,,,,,43.8592,
2023-11-01,13.4844,,,,9.8763,,59.7982,5.8159,,,,,,81.9156,
2023-12-01,7.5378,,,,11.8923,,61.6,8.1909,,,,,,57.9568,
