,Awach,Grumeti,Kagera,Katonga,Magogo,Mbalangeti,Migori,Mori,Nyando,Nzoia,Rwizi,Simiyu,Sio_Malaba,Sondu,Yala,Qin_total_m3s
2001-01-01,2.4364086485438197,6.210512905176724,146.55548008878915,2.895327733,2.892619258516429,1.4243906294823687,9.915147100187246,0.8795452982830048,43.5421207834856,51.544048141499964,17.8047,2.212503626169014,2.651567288635037,15.579185123473824,109.42401577694675,415.9675724021889
2001-02-01,2.1080798743502718,6.876913519906555,248.77173195115347,3.548915794,3.341711007185017,3.799903197361857,22.573995136964616,3.1456079547999884,25.77506279448677,32.737746297918775,5.767,2.4139881406067913,2.205021677547402,13.851745415993056,64.52301594249697,441.4404387047715
2001-03-01,4.347851397540187,9.75994000038739,303.8663049197898,2.87064432,6.259091077395342,10.036094544048234,65.61620720378076,6.246192086069243,32.27317407051564,45.88617438221167,6.8037,8.070071594084732,4.714734025633451,34.86974320519014,95.15412806429292,636.7740508909394
2001-04-01,7.1258279597053935,13.623870512330646,343.95030128438765,3.621236795,9.025261270658387,10.088657653068035,57.61474312391007,6.075831457256104,28.10979983841898,67.49774706249657,19.8665,9.134079083773376,12.782227956822,49.576479321274206,88.79455822546385,726.8871215445652
2001-05-01,10.522547323338685,17.08299322036194,296.3948007259521,6.956098933,13.630161296036764,11.65445013322195,62.34670220608189,6.192868362779455,31.47048461743068,121.76700731308674,11.6496,18.848657694178986,19.634290808103476,54.30898598681905,99.66357567234584,782.1232242927375
2001-06-01,7.96424902133958,15.020385101333527,190.59617625321647,3.928341304,10.65303091175066,8.321644728063704,37.889198091709666,3.8095790750100296,33.494164889407806,112.55621935901127,4.0175,14.765910736210934,15.59200772214777,38.81695257846955,115.75921809874062,613.1845778704115
2001-07-01,7.497258644563393,12.296868860993845,187.1572862007212,2.081403462,8.445992359237076,4.962490450923102,24.22205109034745,1.8909853609690095,47.26546118020746,159.65116187279565,2.6991,13.650951557423419,9.593654180972043,35.35943160258805,134.5760968533787,651.3501936771204
2001-08-01,6.829439941452165,10.236171114758585,140.41324217239816,6.323395222,6.061557383163682,2.1280758165526588,9.975996587770574,0.6059838831243987,22.74185375446645,109.73335838062684,3.0643,11.788708622933504,8.221767398097176,27.729560769925342,65.06206737584448,430.915478423114
2001-09-01,7.275467905715253,10.013896351659005,151.240443910623,1.186938353,6.189493035132268,1.5655491241292876,12.568079995787688,0.5920193169158177,33.28317400601909,128.9001326709217,7.3451,10.740431650333939,9.051171100295607,30.02783322336186,93.21885102126515,503.19858166515974
2001-10-01,5.706000394961906,10.009072866933048,158.38649287806717,1.382348919,5.447420084093009,1.7298191426734637,20.253183489052653,1.081862220249913,32.13357542201725,82.67790352769478,31.1006,9.426940175284221,10.727586801420957,29.83706245316342,98.93425083201778,498.83411920662957
2001-11-01,5.898825131930711,11.78996999120576,173.1276789586501,1.98822787,7.073892483972687,3.909840805957349,47.497176853558905,3.4306079196971586,26.63235745799241,77.01470684748097,54.2021,8.63635785198795,13.458986422140486,38.890301113156355,95.40937468927947,568.9604043970103
2001-12-01,4.967176890852729,11.962860752550796,229.82367696048382,5.208280033,7.0237186710276,5.8403347353723305,56.98029532748284,5.612941139802389,24.140730931324715,48.66241673350701,29.4792,6.473426474661653,6.9844359616463265,34.47483376621409,80.08196550033924,557.7162938782656
2002-01-01,5.476554396050671,11.178371402664094,208.8871456946951,5.532451651,6.745767764201158,5.869084261870665,49.41156264823292,4.425261772239859,50.75295123937075,60.08004467705009,11.1557,7.306326396721969,3.661468178,32.952241077439105,127.54527425889296,590.9802054184294
2002-02-01,3.096418902735814,8.967547082171853,276.50748214499373,3.12884807,4.9203424707170305,6.766245451089946,46.29582452659677,5.688329495955162,22.174582050947958,28.164658500913365,5.4914,4.243155076936996,1.522365321,18.140760461902328,55.50989041615684,490.6178499721178
2002-03-01,5.363862789049748,10.746861526260851,324.97165999337926,3.185121223,7.111510133326702,11.839350888770515,92.67953696152561,7.579328591682074,40.850538667154126,58.081518006027544,8.0366,9.798070567934614,5.375252815,45.287539397665576,120.44360369812328,751.3503552589
2002-04-01,11.093380070199679,17.372503585766104,446.4488584094951,10.98348893,12.412411359574788,15.43267947142947,127.25887960763745,10.031476341837688,42.44850642382159,101.92810216527752,9.2909,14.632264275374794,11.14119626,95.44164766159574,134.08833918776133,1060.0046337497715
2002-05-01,14.056584714895969,23.019994571989944,374.2162816649861,16.05576736,20.325864548869532,21.593398718885886,128.4882562385792,11.881877570625416,26.57850642720655,102.83874639477376,42.1892,31.50559471006256,27.24474756,72.71207540851853,84.1712168963127,996.8781127857063
2002-06-01,9.368315922441335,17.327232294586448,186.7171810375595,4.815267003,12.935274657224475,11.523132198372068,57.7546651960332,5.342363715372558,19.76166699735709,66.40853810801147,5.9158,19.223352882004406,13.66696542,40.542576310412,68.2983178561103,539.6006495984849
2002-07-01,5.750670501599427,10.264073092359073,163.2654125294282,2.790804882,6.612778019254902,3.349463836329127,14.096157034673062,1.0755808591198548,23.820752975381712,80.46067454424978,3.0035,9.792555426763244,5.505119745,25.772058115890136,67.82339322392511,423.3829947859736
2002-08-01,5.4645324348348625,8.678901100095278,125.28033995499852,1.736478186,4.81025412983271,1.3399085888160935,6.03313610632301,0.1896630776309493,15.592986752213392,75.2388447300145,2.1972,8.743449736822454,5.176140959,21.652283647023808,44.60990584217041,326.74402524577596
2002-09-01,5.63860792755857,8.520866896285767,135.1544022829791,1.491384622,4.95482483664203,0.9532191446482645,7.418448439930598,0.19265787806935955,18.81962278002521,72.885232421741,2.5684,7.9327004445671605,3.120818062,22.08475061248109,52.70962474583446,344.44556109476264
2002-10-01,4.587530844706608,8.596488453342458,139.69671878129182,1.276226775,4.391098532824506,1.1025107167191304,13.107272322336524,0.5813500853052753,27.071519486278977,69.65351496183347,5.7769,7.119889108696274,7.33507588,23.00289052706736,83.34897265818313,396.6479591335855
2002-11-01,5.95168694339135,11.131794038654645,172.87362890957442,8.248285592,6.497674648410673,3.29204785877522,44.00933381812684,2.943412249809324,36.3587625166298,105.14125311558146,9.2256,7.88014416919842,13.48409243,42.88278124662203,130.25383883718567,600.1743363739598
2002-12-01,7.392849537272635,14.729090658333226,293.3201551751837,5.918846838,9.26379802461794,8.491367799166023,111.23287280521757,8.625551570205253,48.892882773408154,98.55732386855004,30.821,9.781483236539385,10.9881955,62.166382102248924,162.19219553089744,882.3739954196403
2003-01-01,7.544,12.573,166.0103,6.018062443,8.235,9.8,133.77,9.3279,20.272351743775886,23.99789113209469,6.4647,10.548,11.20274349,25.2459792,50.945661284557445,501.95558929342803
2003-02-01,4.708,8.802,177.781,3.525246853,6.09,8.3706,79.8,6.766,15.43517046240783,19.604712457636474,3.7009,9.192,2.956142501,10.4955552,38.63904261890391,395.8663700929482
2003-03-01,4.32,5.907,320.8,2.541691223,4.515,6.9244,52.759,4.182,28.208084809688327,40.106408366820254,3.1173,7.89,2.456689426,16.532568,83.16863127763108,583.4287731031396
2003-04-01,5.328,10.968,470.918,4.08966479,7.665,6.4974,39.053,3.961,32.00450126240557,76.84977280125324,43.3075,9.342,11.93916484,40.766544,101.09732431952597,863.7868720131848
2003-05-01,12.884,16.956,248.6924,4.544870047,14.7475,11.039,38.437,4.5866,31.30413662295695,121.12336620918136,5.4707,25.368,27.72068652,42.548688,99.136769805302,704.5597172044403
2003-06-01,11.408,15.9,379.3643,2.364639062,12.5,8.8802,33.649,3.3252,42.75823286846022,143.687864857561,4.2119,27.336,24.72910778,27.9987552,147.77677307315417,885.8899728411754
2003-07-01,9.724,13.785,359.0856,8.776907521,11.2,4.1594,16.177,0.93466,48.89692448297891,165.16184568580712,2.7183,21.18,23.62431793,27.2063376,139.22126391542025,851.8515571352061
2003-08-01,10.788,11.292,66.397,3.085560501,7.0925,1.5456,6.7445,0.166957,39.164963106066836,188.97768752197697,5.2547,21.006,14.26936121,26.3248128,112.04686723829326,514.1565093773371
2003-09-01,9.396,12.246,265.7233,1.683788765,7.4775,2.177,3.2809,0.07072,23.39373824201939,90.6000119615931,10.6707,17.088,12.10045365,31.1429664,65.52071625196875,552.5717952705812
2003-10-01,7.56,11.289,89.5224,2.553583406,6.5875,1.8984,1.9516,0.051102,20.69302255915136,53.241996894926466,6.1605,20.832,6.889329116,21.9681072,63.71057865340908,314.90911982948694
2003-11-01,7.3,8.916,32.5148,8.342946635,5.65,0.71862,9.499,0.37876,24.596308280918787,71.12691675053925,13.0242,9.402,7.890617971,18.6424992,88.11530847198638,306.1179773094444
2003-12-01,2.2552,11.013,274.0324,9.617120923,5.0675,2.4234,67.221,6.0843,32.03085511527662,64.56717588147373,5.6134,4.4334,6.009852345,35.929296,106.25584791053336,632.5537481752837
2004-01-01,2.6344,10.239,60.7193,7.720546546,5.5725,4.5178,50.61,6.1795,43.46866680202492,51.4570951982701,3.7543,4.0626,4.035216241,25.8379056,109.23942142367213,390.04825181096714
2004-02-01,2.9248,8.439,296.3228,2.243356779,5.0075,5.5454,46.221,5.4264,31.323522817362587,39.785025989198765,4.756,5.6904,2.010762915,14.0630256,78.41254076603686,548.1715348665981
2004-03-01,4.74,8.901,467.2043,10.57045969,7.3525,7.9926,37.121,5.0983,26.211038830342545,37.26699753424047,8.4654,6.93,2.10896932,20.3769072,77.28054699891254,727.6200195734956
2004-04-01,14.628,15.957,268.386,11.62541964,11.8925,10.6708,49.56,5.0405,35.12399470996722,84.34035547693814,11.027,15.63,15.47210278,56.869488,110.95132698605813,717.1744875929636
2004-05-01,11.64,15.867,260.0181,9.748533716,14.8825,13.4736,58.45,5.0762,18.843180323856263,72.90887649775709,3.3579,28.944,16.00536823,32.30136,59.67428690545628,621.1909056730696
2004-06-01,6.328,11.328,163.2528,6.263227621,10.01,9.352,36.12,3.349,15.498206059699648,52.08129495649454,1.7755,14.754,9.254900644,17.7705216,53.563366076678875,410.70081695787314
2004-07-01,5.78,6.243,520.7439,6.871583566,6.36,4.7054,13.125,0.6953,17.39378790922325,58.75195924755575,1.7626,6.096,5.115363274,11.4311808,49.52428322647927,714.5993580232583
2004-08-01,5.312,5.382,56.5601,6.264901409,5.085,1.4406,1.5309,0.20383,23.0225224693334,111.08763323470183,2.5325,1.8384,7.280862631,18.760248,65.8650312429997,312.1665289870349
2004-09-01,4.244,8.028,91.6228,1.967256701,6.7425,0.39886,8.435,0.089862,30.348977750371677,117.53648428308843,3.679,2.139,11.77887224,26.9740224,85.00081257418421,398.9854479486444
2004-10-01,2.8284,10.887,26.1171,3.740840837,6.5975,1.5722,12.698,0.15181,27.49566423915706,70.74481583637618,6.6534,5.1654,11.23922371,22.6077696,84.65484798700112,293.15397220953434
2004-11-01,4.416,11.814,80.3758,7.829829636,7.405,3.0758,38.724,2.0519,28.350482032868534,81.98313146667772,13.7945,3.6066,22.54818854,31.7794464,101.56448850471159,439.31916658025784
2004-12-01,6.216,12.729,110.021,2.131698397,6.86,5.5734,77.35,7.1638,35.79091702885638,72.14663568751386,9.0367,5.3424,8.847430771,34.306272,118.72908864624416,512.2443425306144
2005-01-01,3.9112,11.07,146.7635,0.931395497,6.6475,12.5272,64.561,7.9815,38.016109769163975,45.002497738638496,3.107,5.9508,3.264655581,21.3029856,95.53681171948959,466.5741559052922
2005-02-01,3.3248,9.393,205.2951,0.820304746,6.0525,12.4922,42.525,6.6164,19.774038904361536,25.1156505067616,2.134,5.424,1.83164443,17.0449344,49.50058270067853,407.3441556878016
2005-03-01,4.92,8.298,330.7021,0.671798273,6.8425,14.35,58.52,5.7256,33.61295868871779,47.79108743759019,2.741,14.25,6.276243294,27.1013184,99.10434494907857,660.9069510423865
2005-04-01,8.412,11.559,410.6354,0.807813246,9.52,10.7366,36.519,4.1769,26.633506794743212,63.95284617295134,5.93,6.336,12.93492601,31.919472,84.13117430320081,724.2046385268955
2005-05-01,10.584,18.888,230.3618,0.988332876,15.89,9.6292,73.22,3.7842,43.7968999594324,169.46092513290736,9.4834,14.22,27.13687347,55.437408,138.69998210651693,821.5810215448566
2005-06-01,7.444,16.338,220.2775,0.587073631,14.3525,8.1088,46.501,3.0583,17.031933837990252,57.23534494759847,12.0556,15.96,24.20094325,34.465392,58.864084245872135,536.4804719124609
2005-07-01,7.816,11.79,65.2093,0.374920956,7.1675,4.6662,26.404,0.92327,30.497012041110906,103.01144396853688,1.8881,13.776,12.7794985,20.5232976,86.8323029904515,393.65884605609926
2005-08-01,11.808,8.943,67.5893,0.268235053,4.9275,1.35114,10.185,0.39899,26.91511766946869,129.87007501534438,2.9672,17.16,14.81811633,19.842264,77.0013393871127,394.0452774549258
2005-09-01,9.492,7.287,496.2617,0.368069246,5.1725,0.35308,4.4366,0.74477,19.622435391959545,75.9943905858485,15.904,14.1,11.51812263,11.8767168,54.958126323729815,728.089510977538
2005-10-01,4.776,4.983,96.3899,0.941745023,3.49,0.124558,8.561,0.83113,21.567753880348565,55.492631965465264,11.3938,15.618,10.2935644,9.4962816,66.4037395234768,310.3631043922906
2005-11-01,2.9744,6.099,386.0934,1.033105099,4.9975,0.78862,31.192,2.6435,15.894584755487639,45.963515897424294,3.7632,8.472,13.64881419,14.1107616,56.941725675573956,594.6161272174859
2005-12-01,3.442,4.641,410.5747,0.414765717,3.8625,2.6334,14.133,2.2083,17.1245445163669,34.51932437329934,6.4309,3.4812,5.88605182,7.605936,56.8071939109867,573.764816337653
2006-01-01,3.8528,2.4186,370.8767,0.028023228,2.5875,3.9676,10.64,1.19255,27.890118952737325,33.01560898056408,1.9882,1.0554,1.666191298,9.2576016,70.0895767452544,540.5264708045557
2006-02-01,1.0712,2.9544,398.411,0.00755844,1.3675,2.485,10.857,0.50966,42.62952753881537,54.14515062459495,2.5878,1.326,1.788910434,4.4267184,106.71499452550088,631.2824199629113
2006-03-01,6.276,9.693,328.8134,0.008733151,5.88,9.3492,54.124,3.9015,29.85378273795632,42.446270629885944,8.0515,13.926,4.924193972,26.207064,88.0208020334235,631.4754465242656
2006-04-01,13.408,16.257,369.2961,0.122656812,11.3325,9.198,117.95,6.341,29.832954140306455,71.63541555843118,7.183,14.184,20.03807095,46.494864,94.23773910437158,827.5113005651093
2006-05-01,13.384,21.441,350.0295,0.52612608,18.83,11.6158,103.6,6.528,45.67108721689207,176.7126143350108,3.3724,17.466,26.42134477,56.4876,144.63532774318756,996.7208001450904
2006-06-01,10.488,19.269,520.958,0.718392791,14.395,10.1486,68.096,4.4812,23.699049215476816,79.64000269613453,1.9943,14.238,23.20950062,36.565776,81.90630863391777,909.807129956529
2006-07-01,8.4,14.127,110.0753,0.305411174,8.7525,5.2514,33.103,1.9856,27.669046667432806,93.45926894749202,2.3957,6.726,11.24945529,24.4822032,78.78040774764209,426.7622930265669
2006-08-01,5.712,8.697,146.4071,0.184633957,6.1475,2.0286,14.182,0.25194,31.43748232604866,151.69126281059644,2.4192,10.644,7.274675561,15.8419872,89.93935214373579,492.85873399838084
2006-09-01,4.004,7.266,186.0708,0.014084835,5.2525,0.65464,4.5528,0.095183,23.942536554716224,92.72541548540988,2.3911,5.4678,8.109913707,16.2493344,67.05777963849421,423.8538876206203
2006-10-01,3.4316,7.488,108.9618,0.00755844,4.8475,0.096236,11.984,0.3519,24.716640902175154,63.59454325267941,9.0548,2.5638,12.50211122,16.5134736,76.0986699620492,342.21263337690374
2006-11-01,11.528,17.298,216.0419,0.504828898,9.96,5.5062,145.39,5.1272,54.44369377009124,157.4387517894811,21.9294,18.942,18.116537,70.553808,195.0423948226246,947.8227142801969
2006-12-01,10.736,22.614,336.4369,1.645693063,16.0125,11.3778,214.62,14.0692,52.744322246876465,106.32098078577285,16.07040446781105,11.226,27.80484124,75.359232,174.96856273859942,1092.0064365420596
2007-01-01,11.096,22.959,266.9727,2.622821738,16.12,12.5832,229.67,15.6298,45.73147414412718,54.13574861426298,8.7861823,14.706,15.71138801,55.21464,114.92599483459102,886.8649496409812
2007-02-01,12.412,20.826,344.8498,2.644680394,15.135,14.042,213.36,15.5261,34.83371632890515,44.24343703377094,4.703883426,16.614,9.838843686,39.366288,87.19964920927818,875.5953980779542
2007-03-01,8.144,19.191,320.2563,1.782627378,12.92,11.3988,125.3,10.2068,25.049446842476346,35.61543972961463,3.709614541,15.054,6.341622231,44.680896,73.85571272229716,713.506259444388
2007-04-01,9.004,13.923,472.7524,1.473619756,9.665,10.5126,99.05,6.6657,30.364811386282714,72.91252055628308,5.345399714,14.7,10.22983812,36.183888,95.91779479551626,888.700572328082
2007-05-01,11.18,15.282,527.0849,1.743038508,13.5975,9.065,65.709,4.9691,29.021106144712213,112.28976252242876,5.367949759,18.264,19.76811393,40.193712,91.90666249691976,965.4418453610608
2007-06-01,8.412,12.63,148.7664,1.544732077,10.59,6.5828,53.487,3.1603,37.0875157440246,124.63157601774805,8.918444695,20.43,21.6767602,32.555952,128.1782017234503,618.6516824572229
2007-07-01,9.868,11.604,86.1094,0.885945723,7.9775,4.1342,33.887,1.21839,51.694117584734585,174.61007950236126,3.219351992,20.586,11.5763526,27.5468544,147.18554312438116,592.1027349264771
2007-08-01,9.52,11.097,226.1082,0.629338864,6.0575,1.5274,21.336,0.55811,34.57185010291357,166.81512677827567,3.614915412,20.37,13.7036554,27.2668032,98.90645085436792,642.0823506115572
2007-09-01,14.636,10.281,90.4405,0.829089862,8.5925,2.2302,33.481,1.28214,44.92229679378051,173.9764968194935,18.42613553,28.434,16.2275177,27.7250688,125.81747436693315,597.3014198722072
2007-10-01,5.224,9.117,108.5161,1.506011837,6.065,1.8774,31.752,1.47118,23.85756758434048,61.38419535449668,14.3595807,22.11,16.86442406,20.04912,73.4537176343504,397.6072971701876
2007-11-01,5.576,8.166,168.1962,1.358976566,4.4175,2.2764,39.984,1.58185,29.962710610000663,86.64532899969034,30.080534,10.152,14.02239671,17.996472,107.34023406696564,527.7566029526565
2007-12-01,2.87,6.645,198.4529,4.285257686,5.62,5.285,72.94,6.1064,28.079683550846482,56.602480951528975,21.7298517,5.1732,4.350809605,20.574216,93.1486397730185,531.8634392663939
2008-01-01,1.7736,4.332,168.9875,3.222054546,3.445,5.054,61.516,6.6198,40.49618706223189,47.93834976165289,8.057637455,2.0178,2.186323815,8.337888,101.76939782144258,465.7535384613274
2008-02-01,2.4092,3.453,430.4605,2.73645643,3.3375,6.1544,56.427,6.8204,29.688449916812925,37.708266672505786,5.267087369,2.298,2.211314352,8.5638384,74.3194436639853,671.8548568043042
2008-03-01,4.12,5.793,310.9406,2.217200313,4.8325,12.9024,81.06,6.1948,34.33071084180431,48.81159135170086,17.53957341,2.4456,4.840330966,24.870456,101.22056320960635,662.1193260921115
2008-04-01,6.54,12.411,310.1121,3.530738308,8.91,12.2038,76.23,6.9496,24.278934880597813,58.29900657199374,19.87234318,5.5944,16.9938152,39.30264,76.69344176407132,677.9218199046628
2008-05-01,6.86,14.529,302.8951,4.384466797,12.0025,11.0838,44.226,5.5386,24.66409583498071,95.43142326589192,5.186925963,6.354,18.80646515,31.0856832,78.10848836684599,661.1565485777187
2008-06-01,5.22,14.781,96.1778,4.446268304,9.755,6.8026,21.546,2.7506,26.215112537291365,88.09516424759867,4.86634345,9.978,23.79136327,29.5549488,90.60207769643527,434.5822783053253
2008-07-01,3.2912,10.437,98.7277,2.697290109,6.46,3.2298,7.105,0.42908,40.7574257654984,137.6686107768446,1.334962447,6.378,10.51665179,25.8188112,116.04616014217487,470.89769223051786
2008-08-01,4.64,9.831,69.8555,1.900042155,4.47,1.19882,0.9023,0.138686,32.563426020687515,157.12413491918377,3.387695573,6.39,11.66548251,24.7940784,93.16055940823212,422.0217249861034
2008-09-01,6.304,8.982,45.8471,1.603072868,5.455,1.5204,15.582,0.15623,35.877223628933436,138.9464503835336,2.189768286,12.372,18.69055862,19.428552,100.48421355238946,413.4385693388565
2008-10-01,6.64,10.497,630.875,1.654640754,5.495,3.2746,109.06,2.1301,40.510181947964654,104.2304465343846,1.53012122,15.084,22.91117734,28.7338896,124.72451165034447,1107.3506690466934
2008-11-01,6.768,12.738,480.8244,2.154485628,7.795,6.545,95.9,4.7804,22.13780846768424,64.0174957126347,1.520571462,17.28,24.45327925,35.292816,79.30782944109701,861.5150859614162
2008-12-01,5.232,10.005,418.6008,3.00817025,7.805,7.4326,66.465,5.6508,16.051802992196308,32.35691283551156,1.829629993,11.01,7.859600761,17.901,53.24859206194581,664.4569088936537
2009-01-01,3.5124,7.158,110.5069,2.145920437009749,4.635,5.2906,63.196,5.5318,37.07261776541793,43.88561605287892,3.037967374,4.9338,3.638684584,16.7044176,93.16575854050694,404.41548235381356
2009-02-01,1.1388,6.321,89.4503,2.0361472806231156,3.5425,4.1118,41.65,7.106,28.538469867976264,36.247639577756836,7.101714162,2.4408,2.483033229,13.3628976,71.44068516720628,316.9717868845625
2009-03-01,0.5644,4.899,309.1598,2.2146640089881275,2.7675,6.608,26.803,6.2373,24.991207729766938,35.53263504248314,9.701246295,0.7842,1.812275491,10.2250512,73.68400069989139,515.9842804671296
2009-04-01,5.132,10.224,372.7451,2.659313953193051,5.7625,8.6982,66.927,19.907,34.458207312783955,82.74165503827287,14.60348167,4.092,16.22148298,32.93784,108.8482064322017,785.9579873864515
2009-05-01,10.84,13.983,538.5873,3.963856948746958,11.07,13.3336,51.079,8.2348,35.04705262414446,135.60562428780128,9.694132198,15.342,23.98234944,37.043136,110.99017456389834,1018.7960260625911
2009-06-01,7.504,13.161,98.8099,2.9220226395190285,10.405,12.1282,30.653,4.9844,15.580670310608891,52.35841380227751,21.678806,13.344,15.46090461,17.9551008,53.848370859985806,370.79378902239125
2009-07-01,6.256,9.552,88.8134,2.1203457011430866,7.3925,7.1274,15.547,1.7748,14.171000488023846,47.86617196407162,30.34952889,8.406,6.464161779,11.2084128,40.34823498102602,297.3969566032645
2009-08-01,4.968,5.877,272.0249,1.7473686701390645,5.33,2.6656,3.6414,0.27778,18.912059244874417,91.25394074024726,39.75587458,4.2966,7.097126359,13.6715904,54.10542544555421,525.624665439815
2009-09-01,6.9,8.139,112.1965,1.123263043228492,7.055,0.66248,1.981,0.138193,26.03001025530338,100.8098498877323,7.621852836,0.38382,7.114436381,24.8099904,72.90433441330782,377.86973021657207
2009-10-01,3.9676,8.781,285.4825,1.491577173327281,6.04,0.66248,7.791,0.40647,28.919829499936423,74.40911389508311,3.181877107,2.3136,9.414252306,15.3582624,89.03962998793746,537.2591923692844
2009-11-01,3.2888,9.765,120.8391,2.855363235225197,8.64,3.8962,40.887,3.4051,27.687784679112813,80.06676178334794,1.850698913,1.6644,10.0512399,21.5321184,99.19040126028332,435.6199681709692
2009-12-01,9.056,13.131,253.382,2.9041439874921147,6.23,11.3148,100.94,10.2255,48.5197120998275,97.80509366963167,3.090583354,11.604,9.40925053,43.185168,160.95427771090937,781.7515293518607
2010-01-01,7.804,13.944,523.3939,3.14518275105715,9.815,13.1068,130.13,12.019,33.98521991114915,40.23083349362539,7.152509767,16.38,10.11518698,67.8096,85.40693867973087,974.4381715825626
2010-02-01,10.064,12.747,630.7113,1.899960384288804,9.75,12.6966,177.8,13.7768,61.2192007205116,77.75649967293832,19.86136161,15.384,4.215402922,47.1546,153.2507406702186,1248.2874659799575
2010-03-01,9.604,13.887,930.2106,2.595245393621169,11.8475,13.7074,183.12,13.6527,40.34019567848538,57.35590956969506,11.85507807,21.39,16.63080095,74.358,118.93890998580372,1519.4933396476056
2010-04-01,11.312,16.134,876.3243,3.4747872665095896,15.0625,18.34,122.01,11.0585,31.473604216642986,75.57497345308666,5.431547995,27.414,20.03979959,90.0252,99.42030175399127,1423.0955142752307
2010-05-01,15.164,23.295,480.1642,3.9336858781887436,23.0325,16.24,151.69,16.8793,28.151721906317167,108.92590212429884,3.197356527,32.976,28.87389613,137.5776,89.15341789694183,1159.2545804627468
2010-06-01,8.796,20.664,18.9246,2.511934262045803,15.1725,10.8542,60.438,6.2696,33.45756006910391,112.43320986773642,3.128849833,24.57,20.628393,83.538,115.63270814122967,537.0195551731158
2010-07-01,6.732,13.923,96.0952,2.3450740779019212,10.025,5.4418,23.492,2.6673,21.640155801604553,73.09515088961463,4.497821851,16.248,10.60163795,58.5072,61.61471041138283,406.926050981504
2010-08-01,9.616,10.758,86.9182,1.821440146784239,9.14,1.7962,6.3784,0.39967,18.676640755649426,90.11800601274169,7.527634499,17.55,6.862673468,51.69564,53.43191774592495,372.69042262810024
2010-09-01,9.312,9.522,90.6763,1.1182128977476964,7.23,1.5064,7.77,0.26945,27.923879287997817,108.1444859873878,4.190882339,23.832,9.545028315,54.47412,78.20864508934501,433.7234039164783
2010-10-01,7.276,9.675,98.4098,1.5453486717209972,6.04,1.869,19.831,0.27183,24.72075885762086,63.60513852315897,3.466889203,15.27,14.7740965,47.7054,76.11134850253622,390.5716102580371
2010-11-01,6.18,10.227,150.7075,2.819821634501213,6.4875,3.857,28.483,1.24491,19.299879002040665,55.81085061202317,3.669563331,10.62,13.46988583,48.62952,69.14105858138561,430.6474889909507
2010-12-01,4.804,10.647,280.2148,2.7380121815016456,6.6825,5.4082,60.718,4.5526,29.50228365201041,59.47013061652483,21.22520139,4.5582,4.743829406,63.4644,97.86782630246867,656.5969835485056
2011-01-01,3.7788,10.053,324.4006,2.579265243478037,6.145,6.5212,57.477,5.9823,23.869575346967874,28.256192364151143,5.471369570978835,1.4094,2.111828076,43.20108,59.98570447092829,581.2423150725042
2011-02-01,2.5124,6.522,265.6485,1.8742594422051009,5.28,7.8386,37.408,5.2462,25.707842603704922,32.65236774542172,4.678354761381544,0.8028,1.601409804,25.34292,64.35474285326892,487.4703972099822
2011-03-01,2.7444,4.434,268.2971,2.069583203409254,4.56,12.957,42.427,4.505,32.352296061338734,45.99867045899804,7.144129684705032,6.828,4.034984747,33.1398,95.38741110088031,566.8793752563314
2011-04-01,4.284,6.834,362.4944,3.1681730872516924,6.0225,15.876,33.628,5.5896,24.36123910940158,58.49663693755678,9.655921042317935,6.96,8.215482392,36.15084,76.95342823422504,658.6902208027531
2011-05-01,8.36,11.922,324.4819,3.382619760647855,14.0475,10.6176,48.174,6.2254,28.521941441036173,110.35837211450064,6.451678072536439,22.494,20.52875878,67.932,90.32586258797184,773.8236327566929
2011-06-01,8.832,11.619,172.3929,2.4770090793108572,10.4175,7.2366,37.59,4.7413,36.9838663586991,124.28326511076936,5.833329329619427,13.212,12.74456878,40.53276,127.81997897506079,616.7160776334595
2011-07-01,9.02,10.308,558.2293,2.3586323930591515,8.03,4.893,24.087,2.0638,37.185577711291984,125.60378209120104,3.8097921665094168,17.136,6.150998862,37.80324,105.87625260957425,952.5553758336358
2011-08-01,9.948,13.38,137.7021,1.8003911285295433,7.6875,5.2136,38.43,1.25528,55.0563238372394,265.65623805249817,5.658349725973041,28.908,11.25626771,80.2332,157.5103898582265,819.6956403124666
2011-09-01,11.388,13.386,720.9346,1.4018242679572328,8.0125,4.9966,69.706,2.0264,49.843068432196986,193.03381740197415,7.690999936928003,29.04,18.30836492,55.23912,139.5994735893708,1324.606768548427
2011-10-01,10.964,12.864,1258.2249,1.778031797956467,9.08,5.1968,102.41,4.0341,37.739059485530504,97.10050246175655,8.568172296330422,25.818,15.41441021,52.71156,116.19265918188711,1758.096195433461
2011-11-01,9.128,16.593,192.156065,2.8855908188716928,12.3725,17.528,178.85,9.8209,52.396463576700725,151.51862874209513,14.045005466525215,20.4,28.22034593,108.5688,187.7082730534763,1002.1915725876692
2011-12-01,10.392,20.04,358.3416,4.365042136535568,14.21,17.15,221.83,13.8074,29.368990279917615,59.201440424871286,11.524254415098675,15.972,21.04858725,98.4096,97.42565264767231,993.0865671540954
2012-01-01,5.268,12.654,160.2633,2.7574598221990847,7.9775,12.0736,127.54,12.0547,11.551833126250076,13.674764390618254,4.546018616529929,8.784,5.077,38.12148,29.03046400851621,451.37411996411356
2012-02-01,2.3004,6.282,302.561,1.6806302517784286,3.42,7.2128,70.21,7.7775,29.223060499752812,37.11716042431037,4.555814716105295,2.7102,2.0079,19.22904,73.15442889696553,569.4419347889125
2012-03-01,2.3196,5.919,318.2317,2.273160770869384,4.2025,6.9356,33.152,6.5807,17.676613868828547,25.132705717133348,5.5983309015648715,5.0094,1.531,39.474,52.11767445440776,526.1539857128039
2012-04-01,11.332,15.768,570.5274,2.2878281555010536,10.2425,6.5744,95.2,8.1719,39.661583593181255,95.23609391952122,12.1396217397533,9.36,12.8036,135.3132,125.28487623257698,1149.9030036405338
2012-05-01,14.092,18.81,266.8308,4.18885093819865,16.3,9.2792,131.04,7.8727,42.91402389049303,166.04486154030715,10.62562288001556,33.288,26.3849,105.3864,135.90401035788656,988.961369606901
2012-06-01,12.944,20.793,230.4819,3.1715016606857667,15.2275,8.477,89.04,6.3597,41.433680795534684,139.23674406786827,6.650070352129595,27.33,22.8644,104.652,143.1989872767567,871.8604841529751
2012-07-01,9.464,19.263,142.3634,2.5002784705725896,11.58,3.892,53.697,2.6605,29.08772732872564,98.25122506611152,3.600453277718808,19.098,17.2291,91.3104,82.81973162835583,586.8168157714845
2012-08-01,9.904,16.095,101.2287,1.8377488985428125,10.49,1.12574,35.091,0.89233,30.98896773682344,149.5271027254176,4.633414636801764,19.704,12.4346,69.5232,88.65619876766198,552.1320027652476
2012-09-01,8.368,17.397,128.5907,1.2272217883352474,11.2925,1.7878,32.018,2.4089,30.80806636496021,119.31445724075976,6.039042372978417,24.714,16.0141,100.4292,86.28661882454807,586.6956065915817
2012-10-01,6.764,15.213,179.9516,1.446175859190761,7.925,1.7626,49.245,3.3643,45.56586511049841,117.23843830899915,9.032173171116902,17.646,17.4477,63.8316,140.29016905262068,676.7236215024259
2012-11-01,10.016,19.029,98.8486,3.478639708957764,11.44,4.6802,92.96,6.5195,28.416261972150284,82.17335205635777,10.226769585387563,15.948,20.8487,116.7084,101.80014255388353,623.093565876737
2012-12-01,9.3,21.21,138.2556,3.055447898104357,11.59,5.6294,135.94,11.186,41.64392336100427,83.94501221923915,10.811225491218105,12.126,19.2379,120.3804,138.14524686024956,762.4561558298154
2013-01-01,4.728,16.716,190.6667,2.9724400368366632,9.045,7.3192,133.7,11.5872,25.9379422436219,30.704672157442594,5.955407185483172,5.5824,14.8389,73.134,65.183637136115,598.0714987594993
2013-02-01,3.7964,15.051,183.9919,1.9637558588183004,6.905,6.0956,92.05,10.0368,18.51325957969602,23.514293644989387,4.33650488917152,5.5566,4.4244,56.10204,46.34445908173766,478.6820130544129
2013-03-01,3.5796,10.665,179.0346,1.9200546248228325,7.0175,6.0298,82.53,7.2709,36.33966228643442,51.66792943955912,7.430911886527932,6.51,5.6294,72.5832,107.1437495258826,585.3523077632269
2013-04-01,13.364,22.152,208.759,3.160427338692598,16.965,16.31,137.27,8.33,33.42024268528895,80.24927607117962,12.527229566382575,18.282,28.803,170.9316,105.56943493322751,876.0932105947713
2013-05-01,12.604,21.453,228.048,4.184835508281335,19.5275,15.834,121.45,8.1549,21.741583129234378,84.12350632914104,6.323385214085212,32.094,29.1099,93.0852,68.85321093011989,766.5870211108618
2013-06-01,10.112,16.926,220.2232,2.3564413532662734,12.2425,9.3744,72.66,5.0932,14.529732398818991,48.82676587128123,4.422166031939281,24.408,17.65,69.156,50.21622325037055,578.1966289056763
2013-07-01,8.616,12.627,198.3935,2.0266831728380486,9.1875,4.508,26.971,1.40964,29.575767912521297,99.8997067332423,3.391531371535746,20.604,7.0216,57.71772,84.20930014695873,566.158949337096
2013-08-01,7.208,8.427,187.8964,1.79108856515992,4.9875,0.85232,15.323,0.34748,36.448499026615586,175.87028081815978,4.9608575036203435,21.03,7.4076,42.69312,104.27534734068566,619.5184932542413
2013-09-01,11.084,9.534,120.6017,1.2514971178477174,4.645,0.49322,10.773,0.38777,38.90718638521778,150.6809863145831,6.592658021906208,18.108,7.1667,49.91472,108.97047290755108,539.1109107471059
2013-10-01,5.968,10.743,100.9905,1.7168908384214898,6.4675,2.1756,12.327,0.7089,23.606284856773573,60.737658863144475,6.766263966664614,17.676,9.6495,52.479,72.68005743400357,384.6921559590077
2013-11-01,4.7,11.967,201.138,2.6533922564150423,5.32,2.5928,38.941,2.7081,31.112742664793544,89.97095954909932,9.017365185865183,10.878,16.5567,75.7656,111.46017873928707,614.7818383954602
2013-12-01,6.64,13.758,213.1699,3.2284420486328207,8.655,6.0844,91.07,7.3627,29.963269773300723,60.39937749005191,9.905171357429413,5.9928,8.6882,74.4192,99.39705401170109,638.733514681116
2014-01-01,4.776,10.332,209.4298,2.605454635049476,7.785,8.5526,87.92,7.0805,28.218518234641625,33.404359645242984,5.554617836900969,6.3336,5.1263,47.63196,70.91486424980478,535.6655746016398
2014-02-01,5.856,8.895,191.3381,1.9325048948033299,8.18,10.5756,60.963,5.6644,27.496169248663378,34.92377963168029,4.846536041905522,6.44,2.1484,39.3822,68.83148184487005,477.47317166192255
2014-03-01,5.92,10.596,175.0432,2.1800938950711797,9.18,13.7298,59.878,4.4268,25.443323870528506,36.17545622984664,6.310843903868992,11.9616,5.2458,57.18528,75.01701855131068,498.29321645062595
2014-04-01,4.952,12.903,205.6733,2.9173902547242823,8.695,11.9112,44.009,5.6066,21.264903832125693,51.061662068735096,8.381581547825697,8.204,17.2883,61.9956,67.17257868552562,532.0361163889364
2014-05-01,8.68,12.882,276.8577,3.1924495626050975,10.4125,7.5264,26.187,5.3584,25.827730534897274,99.93381071676778,5.9712320138175015,11.1608,24.1664,66.402,81.79359192911741,666.3520147572051
2014-06-01,10.256,15.948,254.6845,2.389816968033362,8.98,4.4856,22.722,3.3133,29.911119852780008,100.51549511801272,5.425862220753405,8.4,18.3542,83.1096,103.37585242229784,671.8713465818773
2014-07-01,3.8012,10.944,241.0999,2.2501468974423267,6.7275,1.729,9.282,0.71536,34.172370645551155,115.42590596354174,3.6687304191328227,11.1328,8.2805,50.89392,97.29692986960636,597.4202637952744
2014-08-01,9.64,14.874,221.751,1.7462983262781622,6.61,2.7986,6.4204,0.22525,61.69370945822073,297.68276600932836,5.935486500354767,11.3904,11.5771,78.7032,176.49925660295858,907.5474668971406
2014-09-01,7.476,15.255,199.0899,1.4878247168374297,8.115,4.4968,23.422,1.5181,45.29320131168652,175.41294760864247,7.603474228061737,17.024,17.8283,60.18408,126.85629635523097,711.0629242204591
2014-10-01,6.672,13.611,191.8734,1.7575640282826352,6.46,4.4464,53.634,2.7489,33.05542735921705,85.04977732417251,7.811058351863627,11.0992,20.3917,52.68096,101.77248870586534,593.0638757694012
2014-11-01,6.328,12.633,228.3353,3.034100346549569,5.73,4.3736,62.699,4.6053,27.76063115948626,80.2774171990272,9.08831520163243,4.4968,18.8576,60.71652,99.4513709153996,628.386954822095
2014-12-01,4.744,13.098,268.0424,3.1332027717755198,7.3725,6.1754,83.3,6.2288,27.786108861455673,56.01069879223205,9.198643512068676,8.4112,14.0116,69.8292,92.17476544359373,669.5165193811256
2015-01-01,1.53238,17.2276,283.6058,2.646365854838809,3.0324,4.86580959460801,58.4353,5.9926,8.461594012718898,10.016618421370717,4.62327893366342,3.19368,2.697,15.92032,21.264503889232728,443.5152507064325
2015-02-01,1.13186,13.1352,279.2627,1.6873435997235648,1.29402,4.220695587220003,30.9463,3.6195,16.939092803610784,21.514893179625076,4.031080154440016,1.0836,1.4845,8.27344,42.40382899290535,431.02805431752483
2015-03-01,0.7837,9.5446,269.8214,2.00429918882373,1.27554,5.124290077039124,34.9734,2.5099,23.784920344649205,33.817529079009184,5.964296478882255,4.41168,1.4287,11.6056,70.12738665024641,477.1772418186499
2015-04-01,7.5956,18.4288,378.7767,2.4092950984899586,9.4794,10.158126857557827,187.803,9.1922,45.29810668778018,108.7706125691765,14.82413118781952,5.33624,16.6981,69.6336,143.089790568128,1027.4937029689518
2015-05-01,14.4194,23.1556,398.1559,4.851731925683343,16.6236,17.209416406232698,137.83,9.4563,35.36777311235944,136.84657035230194,9.80085590652786,20.0032,27.8639,63.4392,112.00586119966054,1027.029308902766
2015-06-01,9.894,19.0346,313.993,2.7770570880803516,14.9478,19.076770967366112,96.866,6.6709,54.09032421246318,181.7690459624917,6.66495614362132,14.1568,26.3193,55.1444,186.94162574933273,1008.3465801233555
2015-07-01,9.1188,12.324,283.9774,2.7064640122788903,11.382,6.364690496714131,55.209,3.4713,21.230694085538325,71.71208940919948,3.741210034367205,9.9512,15.3069,33.08308,60.44887476346674,600.0277028015647
2015-08-01,6.1302,8.6216,262.7065,1.8570741813085592,5.6826,2.2364168693978157,21.4368,0.47633,14.543926694109562,70.17694939986359,3.9637502128238484,5.5104,8.7326,19.39844,41.608654628502144,473.0822419860056
2015-09-01,4.675,8.7984,187.7194,1.0649352711257603,5.0001,1.061760477989595,3.88311,0.14915,32.69601652969386,126.62617056071676,5.793068275189666,1.36304,9.4658,29.55868,91.57435205305723,509.42898316777286
2015-10-01,5.6372,11.2918,98.1384,1.4547256148709664,3.5994,1.874340516306892,23.9393,0.5833,45.592411301555565,117.3067401831114,9.235235294544017,1.39104,11.8645,32.7164,140.37190062124293,504.99669353163176
2015-11-01,7.242,11.6714,211.1464,3.1809473486043,7.056,7.0914984447652465,178.948,8.1187,49.466461830560206,143.0457315944226,14.40821056990786,13.188,26.312,59.8792,177.21165686474038,917.9662066530005
2015-12-01,8.5612,9.1234,301.5205,4.091783294056231,10.2417,15.528374044841481,195.041,12.6844,39.98468648812771,80.60035474398641,12.67814052229864,8.6632,23.6785,70.3456,132.6410659641287,925.383905057439
2016-01-01,5.9534,9.3288,348.3605,2.8794938343933363,8.8515,13.38530406075225,159.313,12.9276,43.74954030204309,51.789586058754296,6.551084433436279,7.3136,12.0411,40.762,109.94527372816003,833.1517824175393
2016-02-01,4.6138,15.405,356.4915,2.2535879639726106,6.594,8.31612589706535,102.025,9.4373,17.34652899546636,22.03239114996605,4.68232484684528,6.8712,4.5465,22.56684,43.42376877393552,626.6058676272513
2016-03-01,4.5662,16.5152,348.1266,2.0871158279815565,6.3819,7.841340050019912,65.0804,5.1908,21.05212364393312,29.932023870063755,5.462441848352828,9.128,2.1378,28.5334,62.07001718712991,614.105362427481
2016-04-01,7.9662,17.2068,368.5433,2.331329341167418,9.6264,9.277943361267324,93.632,5.8045,43.75351527805373,105.06171243869146,13.945557561108059,10.472,17.4688,93.7704,138.21066255391656,937.0711205342045
2016-05-01,12.223,19.7236,228.9461,4.866882212856396,18.9819,13.679941772030228,87.857,6.2434,27.46323047871323,106.26196028421633,8.350682368957234,30.8616,23.2654,77.1096,86.97304100319799,752.8073381199714
2016-06-01,6.987,17.4356,309.8559,2.5898701594809066,12.2094,12.6199428716509,60.3295,4.2541,23.713222967067093,79.68763319829522,4.88535202439499,26.544,10.1946,34.6566,81.95529455152563,687.9180157724148
2016-07-01,6.4838,12.5814,183.3368,2.2031604809881062,7.7784,3.545501986430878,27.9664,1.20821,18.85704590140975,63.694486681733295,3.304999219052503,16.6656,4.3547,29.57648,53.69052945281317,435.2475137224277
2016-08-01,5.967,13.4862,169.6861,1.80532780004744,4.8447,1.3640621802437818,6.25009,0.21888,14.771918038232894,71.27704687399552,4.072513091352675,11.5136,5.6228,23.3714,42.26091404203163,376.512552025904
2016-09-01,4.8824,12.0146,168.4673,1.0983811977234739,3.8346,0.9293156603131683,16.6243,0.111891,22.83971692892332,88.45438063605646,5.338513375476089,8.2656,5.1081,16.53264,63.969024389925536,418.47076318841806
2016-10-01,6.6504,11.1072,165.1755,1.5173020796747339,4.3974,1.0044194871101557,9.7328,0.83144,19.0231674077627,48.945552403500834,6.007191874655694,10.1024,6.7635,18.48708,58.56935592201557,368.31470917471967
2016-11-01,5.6066,11.7468,178.238,2.558894579930037,5.271,2.383522611088623,17.4174,1.13012,24.472881500806864,70.76999463793837,7.914063545179969,5.59104,7.0939,27.96736,87.67313687944284,455.8347137543867
2016-12-01,3.8862,21.6476,181.7021,3.0363976000678514,5.2185,3.8427310832528416,19.3116,2.7208,19.243675923618703,38.79102832236828,8.199270064596803,4.49232,2.2645,18.02784,63.83698139873911,396.22154439264364
2017-01-01,2.20082,15.8678,170.965,2.3665906234874257,3.5343,3.8579021596119576,14.3297,2.3674,12.730395917579134,15.06991685818216,4.543736510463286,1.61392,0.8526,7.7074,31.992264470964642,289.99974654028864
2017-02-01,2.2797,8.9362,268.2981,1.6158120491564762,2.7657,4.46006184017532,11.242,2.2344,43.97014371365468,55.84791086866168,5.3067905181538695,2.48696,2.1395,18.37316,110.07097466458433,540.0274136543864
2017-03-01,1.13866,8.4604,206.9728,2.3419589120616373,2.07522,8.49847391770553,12.0505,3.0704,33.3621881980686,47.43454059039447,7.964695502294521,2.7048,3.4648,20.8616,98.36497399877041,458.7660111192953
2017-04-01,2.62684,18.5172,289.7647,3.110363527183549,4.5381,13.659433795220215,13.167,3.4162,31.262365038795682,75.06774221423096,11.296841753769185,5.39336,5.2068,35.8492,98.75302950073154,611.629175829931
2017-05-01,6.6368,20.5634,270.9201,3.658878947430348,11.676,15.189420090912463,4.16724,2.6429,41.09658487426388,159.01274517252523,8.92801657912624,12.1184,17.3784,58.6332,130.14838018168322,762.7704658459413
2017-06-01,5.5386,18.7278,279.3639,3.151603427587177,9.7188,11.215810815531006,1.49072,0.76608,22.40333582594478,75.2857935083516,5.799354513322948,5.6784,8.1386,33.67048,77.42819224118065,558.3774703319182
2017-07-01,7.6942,14.9214,265.0597,2.123742264316085,8.0241,6.119533611238734,0.091322,0.141151,59.099974671786484,199.62525250794758,3.8320967467872613,10.7856,4.1679,43.3608,168.27179333210637,793.3185661341824
2017-08-01,7.548,12.2278,159.4797,2.051764606700181,5.5167,2.0663916628017023,0.049049,0.104747,29.15952960250643,140.69974886958838,4.9943134170819015,20.5856,5.228,32.77336,83.42236741688673,505.90707157556534
2017-09-01,8.4694,10.7302,120.3273,1.2136460432107303,6.6045,1.903524484617165,5.44236,0.186884,33.827753193550876,131.00919623288775,6.054041857285278,23.2456,9.5381,35.37216,94.7440975660396,488.6687633775914
2017-10-01,8.789,12.9298,148.7659,1.5723356353534235,6.6885,1.937276354074747,24.6092,1.36743,32.92704693024799,84.71946161601525,7.637158221119494,20.1432,6.8293,31.7552,101.37722545256285,492.0480342093737
2017-11-01,8.9148,19.4454,156.4484,2.985216128746907,7.8246,4.186792936206154,49.9191,4.9419,29.608767416466733,85.62180596633992,9.472383221251059,17.3488,12.0734,43.432,106.07224647616133,558.2956121451721
2017-12-01,4.42,18.4444,216.7616,3.354025660749552,7.1358,5.811086179155681,41.7186,5.6753,15.077220169862485,30.392367703193834,7.924489187156977,11.0824,3.5742,32.31412,50.015611744266685,453.70122064438516
2018-01-01,3.4646,9.857314896543093,222.4843,2.178696521612569,4.6494,4.640206843575199,38.6309,4.8849,29.904988392951697,35.40075985416682,5.078738478028072,4.26048,1.4454,17.15208,75.15306702655751,459.18583201343495
2018-02-01,1.92576,7.565765303610533,307.7484,1.9053818508033533,2.7426,4.660574891488729,26.873,3.7107,32.34669601609488,41.084591575750615,5.229888181467857,2.33856,1.061,7.57568,80.97386219287972,527.7424600120955
2018-03-01,5.4026,10.276985826176888,300.9975,2.0585505929721184,7.5201,10.666846496840893,85.778,6.4315,43.785612910040385,62.25462252433577,8.976838156505782,10.8192,10.6242,45.4612,129.0973676500538,740.1511241569257
2018-04-01,16.0072,18.692029482569783,316.8811,3.3955984101592653,14.6454,18.03334998644846,136.136,9.7432,40.64207306930429,97.59046253961863,15.657544253584376,27.5352,23.7204,87.0064,128.3820925193351,954.0680502610198
2018-05-01,24.1128,25.206433437691526,376.1186,4.5286726029451945,17.4405,25.116722665889824,143.99,9.3252,36.4920882212143,141.19682068198122,9.02558256750053,51.2288,25.7714,77.8572,115.56644392639922,1082.9772641036218
2018-06-01,19.4378,21.173511224818306,236.8572,2.811736949866607,14.8071,16.51740143890725,109.109,6.4334,52.68811483129806,177.05695992557142,6.767643768629519,58.744,21.0467,56.4972,182.09544844918682,982.043216588278
2018-07-01,10.6692,13.679649634399185,224.1407,2.696590801293688,9.5592,6.411481961931214,54.131,2.9013,17.913191549333586,60.50637764428768,3.650234503075298,34.748,12.8722,43.076,51.00314988369823,547.9582759780188
2018-08-01,8.5816,11.083152878573785,210.7793,1.7316228101304794,7.4802,2.560090828016888,36.7829,0.59755,41.05862686174014,198.1149410544816,4.811808074348139,21.5712,5.299,28.65088,117.46444138106136,696.5673138883524
2018-09-01,8.1226,9.56947622528107,106.8376,1.3530082309880012,6.2307,1.3873761526690793,19.4656,0.32965,22.00364544976214,85.21641647534388,5.858111516066314,20.4232,7.4314,23.5138,61.627372038952025,379.3699560890625
2018-10-01,5.5692,9.902517421136658,179.6473,1.4802445081514883,4.6914,1.7282885330670963,26.6343,1.00852,26.172914093144826,67.34145323115824,6.505176707509137,8.7752,4.9958,39.9432,80.5823072561618,464.97782175032916
2018-11-01,4.3724,10.038657574082803,248.2721,2.824231192204123,6.3651,2.703662182593563,22.2376,1.83901,22.13969528763906,64.0229519658381,8.03523117032006,2.0216,4.9685,40.3704,79.3145888994861,519.5257282721637
2018-12-01,5.78,12.489336068429305,308.5025,2.6603645848576716,8.5029,5.9960255664624444,101.64,6.9939,49.89766270745536,100.58273975240074,11.766674198239516,5.01648,5.0422,51.6556,165.52534862566938,842.0517315035145
2019-01-01,2.6979,11.93564324127617,230.7833240634665,3.247554282464966,4.8867,6.9933358410415085,67.4058,7.4195,22.8589280770638,27.05981399312406,6.234170944145108,3.7016,8.109291578147722,20.71564,57.445885995920634,481.49508801665047
2019-02-01,0.88196,10.335636100927617,271.41019418535075,1.8522779708858597,2.7216,8.968583593608544,49.2569,5.5765,36.03686839722446,45.77159964134677,4.920568614210365,3.29896,3.1725613662791643,14.21152,90.2115138438823,548.6272437137159
2019-03-01,0.77826,8.410470459922275,284.8287715149535,2.3434420356986245,2.4885,7.6379290300135345,18.0257,3.7088,22.96045739617149,32.645303175760226,6.293810016404771,2.52448,3.748783670040651,20.74768,67.69654260583042,484.8389299047954
2019-04-01,4.6308,12.489829360606592,303.09365690540307,2.754059550493559,5.9787,8.602846959010899,29.0829,2.9127,25.075714490929744,60.21224782279889,8.91240564579092,4.39488,9.610163639728341,31.72672,79.2103466836782,588.6879710584401
2019-05-01,6.3308,16.51799503711616,310.15732563907494,3.10108545277211,8.3727,10.277522952645777,35.2044,4.9058,47.20953767285096,182.66525568130297,9.457202432539031,15.3888,22.67557159963184,38.5192,149.507431725682,860.2906281936157
2019-06-01,8.9182,18.62467097356904,245.81868296790327,3.2200224864580527,11.3001,12.51791555216822,62.1159,6.1503,55.16602192675033,185.38389852839583,8.04473834784469,15.736,27.407872727217605,42.6132,190.65934573810196,893.676869248409
2019-07-01,8.4932,16.967524051494397,225.57520863330552,2.6821973912885375,8.2971,9.899751477181534,46.4002,4.7215,49.96292359359505,168.76252982842794,4.1617444665813705,15.8592,14.94818538740588,44.9628,142.25641888849742,763.9504837177776
2019-08-01,7.293,12.489606949590005,158.83597058412172,1.9502415345750483,5.7687,3.401189610279676,36.6135,1.61633,46.170168420142666,222.77900880205874,5.366066169964698,14.252,11.442350715054744,25.05528,132.08802769279282,685.1214404785802
2019-09-01,10.8698,11.419197376310878,171.30426692251294,1.366844211538619,6.7116,2.23765246190905,50.4504,0.77919,36.65605412687889,141.9627298554125,6.635418817438769,19.9192,11.995691108908638,27.9816,102.66554650295677,602.9551913838671
2019-10-01,11.6382,14.40386724473155,211.4446216767133,1.3901241297493394,7.0875,3.9332859960894337,122.43,5.1813,66.22937339371617,170.40449661239694,12.221908155854507,19.9752,22.721680330383272,62.834,203.9098778684847,935.8054354081194
2019-11-01,7.2522,19.43643322189907,283.71752558135506,4.098583922524359,10.0548,10.744632814149499,181.104,17.955,46.30519150855172,133.90405844366435,15.812903675169657,18.648,41.05825599945305,70.1676,165.88653008531998,1026.1457152520868
2019-12-01,12.9608,25.22271728826384,390.63172214348833,3.8244852498127386,17.4867,25.302554152943955,213.059,16.7219,54.09177286862966,109.03714558915476,14.216272844964623,21.9688,25.646673853014597,112.2468,179.43845615283038,1221.8558001431027
2020-01-01,11.5566,19.362975286701268,311.10132615924994,3.202442129781301,16.8378,17.84295034243037,226.688,16.0303,63.877123874951664,75.61610433545579,8.608320221959913,16.3632,17.692069758932888,62.2644,160.5271237346276,1027.570735844091
2020-02-01,9.4044,13.694436941319319,349.8498031591653,2.524200929649559,13.482,15.594665608771514,170.17,13.7617,38.89259495194234,49.3987508995226,6.041325957946125,13.7592,6.029275501609615,47.2768,97.36028750494536,847.2394414548717
2020-03-01,12.3182,12.777849090573033,366.6662055656654,2.241589268955312,17.7996,16.646900808724073,181.797,14.4514,41.026331172896775,58.33146074658254,8.484316247783664,19.2808,7.788970043183463,85.796,120.96190978625798,966.3685327306223
2020-04-01,14.926,18.77427377540969,453.2095891473547,3.2743383707749327,18.3834,18.236579880264962,183.029,14.3051,40.592203213610524,97.47071416271768,15.163057204765,24.5336,24.973900021674268,82.0224,128.2245612729175,1137.1187170494893
2020-05-01,14.246,22.244427074772798,360.67293741914335,4.730444120938318,19.0596,20.231272600009234,155.617,13.0739,25.78336753942165,99.76215942953216,7.426085728682903,39.116,29.43212064297285,70.2032,81.65309918455421,963.2516137400276
2020-06-01,10.9038,16.960800146727475,186.6804179714696,2.494212733382118,14.3934,10.927479713399046,95.557,8.5975,25.943558142602505,87.18261317736228,4.936404141317971,31.2256,15.252780570716727,56.2124,89.66355827061133,656.931524867589
2020-07-01,9.0576,11.00507862414152,176.19565679837717,2.152360470735054,9.4899,3.847922167812902,35.8589,4.1705,49.26884129715376,166.4180896749784,3.86961653736011,30.3688,8.294950152252827,52.6168,140.28020022866107,702.8952159514729
2020-08-01,6.3036,10.172792713722572,143.2868653091325,1.9693865520113198,5.9976,2.057136469089252,8.7934,0.79306,31.610633274371025,152.52674593661345,4.95395406951687,20.6808,8.674471003815876,35.9916,90.43471891495727,524.2467642432301
2020-09-01,8.7754,10.611737476455787,159.52067001642797,1.2250289381842872,6.6045,1.838556407833317,11.088,0.34143,35.91084402738251,139.0766565297308,6.250018587802363,22.8984,10.246672528012278,44.9272,100.57837689491602,559.8934914067453
2020-10-01,8.8978,10.929949836124537,167.90155803107962,1.5767154320781973,6.5919,2.175452438419534,15.1382,0.61142,36.37716762739007,93.59643040678883,8.08297479476607,12.264,12.448655606301424,64.3648,111.99960724385008,552.9566314167985
2020-11-01,16.3608,14.885575244185574,216.927680543142,2.855889757272613,15.9033,6.095796714228444,123.97,6.3384,49.208621641052446,142.30011654176494,13.385733196377204,19.6224,23.773778998881713,143.8952,176.28795451170976,971.8112471486149
2020-12-01,7.5412,17.314910247639165,324.2954654471479,4.096252796836847,11.6928,12.225875462907029,90.398,8.322,35.83028527343099,72.22599343061644,12.197889231825569,12.0624,15.60400367522789,68.3876,118.85968479152251,811.0543603571543
2021-01-01,6.7252,15.666512094394744,244.80977911448025,2.76949589022267,10.0779,12.118991166437599,105.413,8.9528,40.37560091841532,47.7956029709537,6.1841876960632645,13.591753685285676,10.123902846024516,44.3932,101.4663574580878,670.4642838403656
2021-02-01,5.5386,9.807006869891874,280.93513135471807,2.116475430584311,7.8267,8.056850799826506,86.317,7.4727,31.49680523587721,40.00511762972951,5.2558145277154855,5.157666778994958,3.3488214413660566,37.914,78.84632066956303,610.0950107382671
2021-03-01,4.3248,9.362948443065802,295.2749246224828,2.258143366399365,6.867,9.42155552909641,53.5381,5.3656,25.88797490468528,36.807663488047154,6.3928185232734425,7.3697838150648955,4.246137365371902,32.02576,76.32802630516927,575.4712363626562
2021-04-01,8.5612,14.208091409268473,351.284046452284,2.6798847536752963,12.9003,10.660250516640561,60.4758,5.7798,35.655186924178544,85.61586358878887,11.86409575585246,10.119820441541304,14.049873858701666,96.3692,112.62928194357566,832.8526956445068
