date,tributary,q_m3s
2003-01-01,Awach,7.544
2003-02-01,Awach,4.708
2003-03-01,Awach,4.32
2003-04-01,Awach,5.328
2003-05-01,Awach,12.884
2003-06-01,Awach,11.408
2003-07-01,Awach,9.724
2003-08-01,Awach,10.788
2003-09-01,Awach,9.396
2003-10-01,Awach,7.56
2003-11-01,Awach,7.3
2003-12-01,Awach,2.2552
2004-01-01,Awach,2.6344
2004-02-01,Awach,2.9248
2004-03-01,Awach,4.74
2004-04-01,Awach,14.628
2004-05-01,Awach,11.64
2004-06-01,Awach,6.328
2004-07-01,Awach,5.78
2004-08-01,Awach,5.312
2004-09-01,Awach,4.244
2004-10-01,Awach,2.8284
2004-11-01,Awach,4.416
2004-12-01,Awach,6.216
2005-01-01,Awach,3.9112
2005-02-01,Awach,3.3248
2005-03-01,Awach,4.92
2005-04-01,Awach,8.412
2005-05-01,Awach,10.584
2005-06-01,Awach,7.444
2005-07-01,Awach,7.816
2005-08-01,Awach,11.808
2005-09-01,Awach,9.492
2005-10-01,Awach,4.776
2005-11-01,Awach,2.9744
2005-12-01,Awach,3.442
2006-01-01,Awach,3.8528
2006-02-01,Awach,1.0712
2006-03-01,Awach,6.276
2006-04-01,Awach,13.408
2006-05-01,Awach,13.384
2006-06-01,Awach,10.488
2006-07-01,Awach,8.4
2006-08-01,Awach,5.712
2006-09-01,Awach,4.004
2006-10-01,Awach,3.4316
2006-11-01,Awach,11.528
2006-12-01,Awach,10.736
2007-01-01,Awach,11.096
2007-02-01,Awach,12.412
2007-03-01,Awach,8.144
2007-04-01,Awach,9.004
2007-05-01,Awach,11.18
2007-06-01,Awach,8.412
2007-07-01,Awach,9.868
2007-08-01,Awach,9.52
2007-09-01,Awach,14.636
2007-10-01,Awach,5.224
2007-11-01,Awach,5.576
2007-12-01,Awach,2.87
2008-01-01,Awach,1.7736
2008-02-01,Awach,2.4092
2008-03-01,Awach,4.12
2008-04-01,Awach,6.54
2008-05-01,Awach,6.86
2008-06-01,Awach,5.22
2008-07-01,Awach,3.2912
2008-08-01,Awach,4.64
2008-09-01,Awach,6.304
2008-10-01,Awach,6.64
2008-11-01,Awach,6.768
2008-12-01,Awach,5.232
2009-01-01,Awach,3.5124
2009-02-01,Awach,1.1388
2009-03-01,Awach,0.5644
2009-04-01,Awach,5.132
2009-05-01,Awach,10.84
2009-06-01,Awach,7.504
2009-07-01,Awach,6.256
2009-08-01,Awach,4.968
2009-09-01,Awach,6.9
2009-10-01,Awach,3.9676
2009-11-01,Awach,3.2888
2009-12-01,Awach,9.056
2010-01-01,Awach,7.804
2010-02-01,Awach,10.064
2010-03-01,Awach,9.604
2010-04-01,Awach,11.312
2010-05-01,Awach,15.164
2010-06-01,Awach,8.796
2010-07-01,Awach,6.732
2010-08-01,Awach,9.616
2010-09-01,Awach,9.312
2010-10-01,Awach,7.276
2010-11-01,Awach,6.18
2010-12-01,Awach,4.804
2011-01-01,Awach,3.7788
2011-02-01,Awach,2.5124
2011-03-01,Awach,2.7444
2011-04-01,Awach,4.284
2011-05-01,Awach,8.36
2011-06-01,Awach,8.832
2011-07-01,Awach,9.02
2011-08-01,Awach,9.948
2011-09-01,Awach,11.388
2011-10-01,Awach,10.964
2011-11-01,Awach,9.128
2011-12-01,Awach,10.392
2012-01-01,Awach,5.268
2012-02-01,Awach,2.3004
2012-03-01,Awach,2.3196
2012-04-01,Awach,11.332
2012-05-01,Awach,14.092
2012-06-01,Awach,12.944
2012-07-01,Awach,9.464
2012-08-01,Awach,9.904
2012-09-01,Awach,8.368
2012-10-01,Awach,6.764
2012-11-01,Awach,10.016
2012-12-01,Awach,9.3
2013-01-01,Awach,4.728
2013-02-01,Awach,3.7964
2013-03-01,Awach,3.5796
2013-04-01,Awach,13.364
2013-05-01,Awach,12.604
2013-06-01,Awach,10.112
2013-07-01,Awach,8.616
2013-08-01,Awach,7.208
2013-09-01,Awach,11.084
2013-10-01,Awach,5.968
2013-11-01,Awach,4.7
2013-12-01,Awach,6.64
2014-01-01,Awach,4.776
2014-02-01,Awach,5.856
2014-03-01,Awach,5.92
2014-04-01,Awach,4.952
2014-05-01,Awach,8.68
2014-06-01,Awach,10.256
2014-07-01,Awach,3.8012
2014-08-01,Awach,9.64
2014-09-01,Awach,7.476
2014-10-01,Awach,6.672
2014-11-01,Awach,6.328
2014-12-01,Awach,4.744
2015-01-01,Awach,1.53238
2015-02-01,Awach,1.13186
2015-03-01,Awach,0.7837
2015-04-01,Awach,7.5956
2015-05-01,Awach,14.4194
2015-06-01,Awach,9.894
2015-07-01,Awach,9.1188
2015-08-01,Awach,6.1302
2015-09-01,Awach,4.675
2015-10-01,Awach,5.6372
2015-11-01,Awach,7.242
2015-12-01,Awach,8.5612
2016-01-01,Awach,5.9534
2016-02-01,Awach,4.6138
2016-03-01,Awach,4.5662
2016-04-01,Awach,7.9662
2016-05-01,Awach,12.223
2016-06-01,Awach,6.987
2016-07-01,Awach,6.4838
2016-08-01,Awach,5.967
2016-09-01,Awach,4.8824
2016-10-01,Awach,6.6504
2016-11-01,Awach,5.6066
2016-12-01,Awach,3.8862
2017-01-01,Awach,2.20082
2017-02-01,Awach,2.2797
2017-03-01,Awach,1.13866
2017-04-01,Awach,2.62684
2017-05-01,Awach,6.6368
2017-06-01,Awach,5.5386
2017-07-01,Awach,7.6942
2017-08-01,Awach,7.548
2017-09-01,Awach,8.4694
2017-10-01,Awach,8.789
2017-11-01,Awach,8.9148
2017-12-01,Awach,4.42
2018-01-01,Awach,3.4646
2018-02-01,Awach,1.92576
2018-03-01,Awach,5.4026
2018-04-01,Awach,16.0072
2018-05-01,Awach,24.1128
2018-06-01,Awach,19.4378
2018-07-01,Awach,10.6692
2018-08-01,Awach,8.5816
2018-09-01,Awach,8.1226
2018-10-01,Awach,5.5692
2018-11-01,Awach,4.3724
2018-12-01,Awach,5.78
2019-01-01,Awach,2.6979
2019-02-01,Awach,0.88196
2019-03-01,Awach,0.77826
2019-04-01,Awach,4.6308
2019-05-01,Awach,6.3308
2019-06-01,Awach,8.9182
2019-07-01,Awach,8.4932
2019-08-01,Awach,7.293
2019-09-01,Awach,10.8698
2019-10-01,Awach,11.6382
2019-11-01,Awach,7.2522
2019-12-01,Awach,12.9608
2020-01-01,Awach,11.5566
2020-02-01,Awach,9.4044
2020-03-01,Awach,12.3182
2020-04-01,Awach,14.926
2020-05-01,Awach,14.246
2020-06-01,Awach,10.9038
2020-07-01,Awach,9.0576
2020-08-01,Awach,6.3036
2020-09-01,Awach,8.7754
2020-10-01,Awach,8.8978
2020-11-01,Awach,16.3608
2020-12-01,Awach,7.5412
2021-01-01,Awach,6.7252
2021-02-01,Awach,5.5386
2021-03-01,Awach,4.3248
2021-04-01,Awach,8.5612
2021-05-01,Awach,13.4742
2021-06-01,Awach,5.9262
2021-07-01,Awach,9.5302
2021-08-01,Awach,3.8862
2021-09-01,Awach,8.2416
2021-10-01,Awach,6.2254
2021-11-01,Awach,3.9066
2021-12-01,Awach,3.05218
2022-01-01,Awach,4.8314
2022-02-01,Awach,8.9386
2022-03-01,Awach,6.7354
2022-04-01,Awach,7.9696
2022-05-01,Awach,11.9714
2022-06-01,Awach,7.2794
2022-07-01,Awach,6.6028
2022-08-01,Awach,7.463
2022-09-01,Awach,8.2212
2022-10-01,Awach,6.6232
2022-11-01,Awach,10.5094
2022-12-01,Awach,8.381
2023-01-01,Awach,4.1004
2023-02-01,Awach,1.54156
2023-03-01,Awach,2.58468
2023-04-01,Awach,8.6768
2023-05-01,Awach,13.2974
2023-06-01,Awach,7.3236
2023-07-01,Awach,5.3686
2023-08-01,Awach,3.4986
2023-09-01,Awach,8.7856
2023-10-01,Awach,6.1302
2023-11-01,Awach,13.4844
2023-12-01,Awach,7.5378
2003-01-01,Grumeti,12.573
2003-02-01,Grumeti,8.802
2003-03-01,Grumeti,5.907
2003-04-01,Grumeti,10.968
2003-05-01,Grumeti,16.956
2003-06-01,Grumeti,15.9
2003-07-01,Grumeti,13.785
2003-08-01,Grumeti,11.292
2003-09-01,Grumeti,12.246
2003-10-01,Grumeti,11.289
2003-11-01,Grumeti,8.916
2003-12-01,Grumeti,11.013
2004-01-01,Grumeti,10.239
2004-02-01,Grumeti,8.439
2004-03-01,Grumeti,8.901
2004-04-01,Grumeti,15.957
2004-05-01,Grumeti,15.867
2004-06-01,Grumeti,11.328
2004-07-01,Grumeti,6.243
2004-08-01,Grumeti,5.382
2004-09-01,Grumeti,8.028
2004-10-01,Grumeti,10.887
2004-11-01,Grumeti,11.814
2004-12-01,Grumeti,12.729
2005-01-01,Grumeti,11.07
2005-02-01,Grumeti,9.393
2005-03-01,Grumeti,8.298
2005-04-01,Grumeti,11.559
2005-05-01,Grumeti,18.888
2005-06-01,Grumeti,16.338
2005-07-01,Grumeti,11.79
2005-08-01,Grumeti,8.943
2005-09-01,Grumeti,7.287
2005-10-01,Grumeti,4.983
2005-11-01,Grumeti,6.099
2005-12-01,Grumeti,4.641
2006-01-01,Grumeti,2.4186
2006-02-01,Grumeti,2.9544
2006-03-01,Grumeti,9.693
2006-04-01,Grumeti,16.257
2006-05-01,Grumeti,21.441
2006-06-01,Grumeti,19.269
2006-07-01,Grumeti,14.127
2006-08-01,Grumeti,8.697
2006-09-01,Grumeti,7.266
2006-10-01,Grumeti,7.488
2006-11-01,Grumeti,17.298
2006-12-01,Grumeti,22.614
2007-01-01,Grumeti,22.959
2007-02-01,Grumeti,20.826
2007-03-01,Grumeti,19.191
2007-04-01,Grumeti,13.923
2007-05-01,Grumeti,15.282
2007-06-01,Grumeti,12.63
2007-07-01,Grumeti,11.604
2007-08-01,Grumeti,11.097
2007-09-01,Grumeti,10.281
2007-10-01,Grumeti,9.117
2007-11-01,Grumeti,8.166
2007-12-01,Grumeti,6.645
2008-01-01,Grumeti,4.332
2008-02-01,Grumeti,3.453
2008-03-01,Grumeti,5.793
2008-04-01,Grumeti,12.411
2008-05-01,Grumeti,14.529
2008-06-01,Grumeti,14.781
2008-07-01,Grumeti,10.437
2008-08-01,Grumeti,9.831
2008-09-01,Grumeti,8.982
2008-10-01,Grumeti,10.497
2008-11-01,Grumeti,12.738
2008-12-01,Grumeti,10.005
2009-01-01,Grumeti,7.158
2009-02-01,Grumeti,6.321
2009-03-01,Grumeti,4.899
2009-04-01,Grumeti,10.224
2009-05-01,Grumeti,13.983
2009-06-01,Grumeti,13.161
2009-07-01,Grumeti,9.552
2009-08-01,Grumeti,5.877
2009-09-01,Grumeti,8.139
2009-10-01,Grumeti,8.781
2009-11-01,Grumeti,9.765
2009-12-01,Grumeti,13.131
2010-01-01,Grumeti,13.944
2010-02-01,Grumeti,12.747
2010-03-01,Grumeti,13.887
2010-04-01,Grumeti,16.134
2010-05-01,Grumeti,23.295
2010-06-01,Grumeti,20.664
2010-07-01,Grumeti,13.923
2010-08-01,Grumeti,10.758
2010-09-01,Grumeti,9.522
2010-10-01,Grumeti,9.675
2010-11-01,Grumeti,10.227
2010-12-01,Grumeti,10.647
2011-01-01,Grumeti,10.053
2011-02-01,Grumeti,6.522
2011-03-01,Grumeti,4.434
2011-04-01,Grumeti,6.834
2011-05-01,Grumeti,11.922
2011-06-01,Grumeti,11.619
2011-07-01,Grumeti,10.308
2011-08-01,Grumeti,13.38
2011-09-01,Grumeti,13.386
2011-10-01,Grumeti,12.864
2011-11-01,Grumeti,16.593
2011-12-01,Grumeti,20.04
2012-01-01,Grumeti,12.654
2012-02-01,Grumeti,6.282
2012-03-01,Grumeti,5.919
2012-04-01,Grumeti,15.768
2012-05-01,Grumeti,18.81
2012-06-01,Grumeti,20.793
2012-07-01,Grumeti,19.263
2012-08-01,Grumeti,16.095
2012-09-01,Grumeti,17.397
2012-10-01,Grumeti,15.213
2012-11-01,Grumeti,19.029
2012-12-01,Grumeti,21.21
2013-01-01,Grumeti,16.716
2013-02-01,Grumeti,15.051
2013-03-01,Grumeti,10.665
2013-04-01,Grumeti,22.152
2013-05-01,Grumeti,21.453
2013-06-01,Grumeti,16.926
2013-07-01,Grumeti,12.627
2013-08-01,Grumeti,8.427
2013-09-01,Grumeti,9.534
2013-10-01,Grumeti,10.743
2013-11-01,Grumeti,11.967
2013-12-01,Grumeti,13.758
2014-01-01,Grumeti,10.332
2014-02-01,Grumeti,8.895
2014-03-01,Grumeti,10.596
2014-04-01,Grumeti,12.903
2014-05-01,Grumeti,12.882
2014-06-01,Grumeti,15.948
2014-07-01,Grumeti,10.944
2014-08-01,Grumeti,14.874
2014-09-01,Grumeti,15.255
2014-10-01,Grumeti,13.611
2014-11-01,Grumeti,12.633
2014-12-01,Grumeti,13.098
2015-01-01,Grumeti,17.2276
2015-02-01,Grumeti,13.1352
2015-03-01,Grumeti,9.5446
2015-04-01,Grumeti,18.4288
2015-05-01,Grumeti,23.1556
2015-06-01,Grumeti,19.0346
2015-07-01,Grumeti,12.324
2015-08-01,Grumeti,8.6216
2015-09-01,Grumeti,8.7984
2015-10-01,Grumeti,11.2918
2015-11-01,Grumeti,11.6714
2015-12-01,Grumeti,9.1234
2016-01-01,Grumeti,9.3288
2016-02-01,Grumeti,15.405
2016-03-01,Grumeti,16.5152
2016-04-01,Grumeti,17.2068
2016-05-01,Grumeti,19.7236
2016-06-01,Grumeti,17.4356
2016-07-01,Grumeti,12.5814
2016-08-01,Grumeti,13.4862
2016-09-01,Grumeti,12.0146
2016-10-01,Grumeti,11.1072
2016-11-01,Grumeti,11.7468
2016-12-01,Grumeti,21.6476
2017-01-01,Grumeti,15.8678
2017-02-01,Grumeti,8.9362
2017-03-01,Grumeti,8.4604
2017-04-01,Grumeti,18.5172
2017-05-01,Grumeti,20.5634
2017-06-01,Grumeti,18.7278
2017-07-01,Grumeti,14.9214
2017-08-01,Grumeti,12.2278
2017-09-01,Grumeti,10.7302
2017-10-01,Grumeti,12.9298
2017-11-01,Grumeti,19.4454
2017-12-01,Grumeti,18.4444
2003-01-01,Kagera,166.0103
2003-02-01,Kagera,177.781
2003-03-01,Kagera,320.8
2003-04-01,Kagera,470.918
2003-05-01,Kagera,248.6924
2003-06-01,Kagera,379.3643
2003-07-01,Kagera,359.0856
2003-08-01,Kagera,66.397
2003-09-01,Kagera,265.7233
2003-10-01,Kagera,89.5224
2003-11-01,Kagera,32.5148
2003-12-01,Kagera,274.0324
2004-01-01,Kagera,60.7193
2004-02-01,Kagera,296.3228
2004-03-01,Kagera,467.2043
2004-04-01,Kagera,268.386
2004-05-01,Kagera,260.0181
2004-06-01,Kagera,163.2528
2004-07-01,Kagera,520.7439
2004-08-01,Kagera,56.5601
2004-09-01,Kagera,91.6228
2004-10-01,Kagera,26.1171
2004-11-01,Kagera,80.3758
2004-12-01,Kagera,110.021
2005-01-01,Kagera,146.7635
2005-02-01,Kagera,205.2951
2005-03-01,Kagera,330.7021
2005-04-01,Kagera,410.6354
2005-05-01,Kagera,230.3618
2005-06-01,Kagera,220.2775
2005-07-01,Kagera,65.2093
2005-08-01,Kagera,67.5893
2005-09-01,Kagera,496.2617
2005-10-01,Kagera,96.3899
2005-11-01,Kagera,386.0934
2005-12-01,Kagera,410.5747
2006-01-01,Kagera,370.8767
2006-02-01,Kagera,398.411
2006-03-01,Kagera,328.8134
2006-04-01,Kagera,369.2961
2006-05-01,Kagera,350.0295
2006-06-01,Kagera,520.958
2006-07-01,Kagera,110.0753
2006-08-01,Kagera,146.4071
2006-09-01,Kagera,186.0708
2006-10-01,Kagera,108.9618
2006-11-01,Kagera,216.0419
2006-12-01,Kagera,336.4369
2007-01-01,Kagera,266.9727
2007-02-01,Kagera,344.8498
2007-03-01,Kagera,320.2563
2007-04-01,Kagera,472.7524
2007-05-01,Kagera,527.0849
2007-06-01,Kagera,148.7664
2007-07-01,Kagera,86.1094
2007-08-01,Kagera,226.1082
2007-09-01,Kagera,90.4405
2007-10-01,Kagera,108.5161
2007-11-01,Kagera,168.1962
2007-12-01,Kagera,198.4529
2008-01-01,Kagera,168.9875
2008-02-01,Kagera,430.4605
2008-03-01,Kagera,310.9406
2008-04-01,Kagera,310.1121
2008-05-01,Kagera,302.8951
2008-06-01,Kagera,96.1778
2008-07-01,Kagera,98.7277
2008-08-01,Kagera,69.8555
2008-09-01,Kagera,45.8471
2008-10-01,Kagera,630.875
2008-11-01,Kagera,480.8244
2008-12-01,Kagera,418.6008
2009-01-01,Kagera,110.5069
2009-02-01,Kagera,89.4503
2009-03-01,Kagera,309.1598
2009-04-01,Kagera,372.7451
2009-05-01,Kagera,538.5873
2009-06-01,Kagera,98.8099
2009-07-01,Kagera,88.8134
2009-08-01,Kagera,272.0249
2009-09-01,Kagera,112.1965
2009-10-01,Kagera,285.4825
2009-11-01,Kagera,120.8391
2009-12-01,Kagera,253.382
2010-01-01,Kagera,523.3939
2010-02-01,Kagera,630.7113
2010-03-01,Kagera,930.2106
2010-04-01,Kagera,876.3243
2010-05-01,Kagera,480.1642
2010-06-01,Kagera,18.9246
2010-07-01,Kagera,96.0952
2010-08-01,Kagera,86.9182
2010-09-01,Kagera,90.6763
2010-10-01,Kagera,98.4098
2010-11-01,Kagera,150.7075
2010-12-01,Kagera,280.2148
2011-01-01,Kagera,324.4006
2011-02-01,Kagera,265.6485
2011-03-01,Kagera,268.2971
2011-04-01,Kagera,362.4944
2011-05-01,Kagera,324.4819
2011-06-01,Kagera,172.3929
2011-07-01,Kagera,558.2293
2011-08-01,Kagera,137.7021
2011-09-01,Kagera,720.9346
2011-10-01,Kagera,1258.2249
2011-11-01,Kagera,192.156065
2011-12-01,Kagera,358.3416
2012-01-01,Kagera,160.2633
2012-02-01,Kagera,302.561
2012-03-01,Kagera,318.2317
2012-04-01,Kagera,570.5274
2012-05-01,Kagera,266.8308
2012-06-01,Kagera,230.4819
2012-07-01,Kagera,142.3634
2012-08-01,Kagera,101.2287
2012-09-01,Kagera,128.5907
2012-10-01,Kagera,179.9516
2012-11-01,Kagera,98.8486
2012-12-01,Kagera,138.2556
2013-01-01,Kagera,190.6667
2013-02-01,Kagera,183.9919
2013-03-01,Kagera,179.0346
2013-04-01,Kagera,208.759
2013-05-01,Kagera,228.048
2013-06-01,Kagera,220.2232
2013-07-01,Kagera,198.3935
2013-08-01,Kagera,187.8964
2013-09-01,Kagera,120.6017
2013-10-01,Kagera,100.9905
2013-11-01,Kagera,201.138
2013-12-01,Kagera,213.1699
2014-01-01,Kagera,209.4298
2014-02-01,Kagera,191.3381
2014-03-01,Kagera,175.0432
2014-04-01,Kagera,205.6733
2014-05-01,Kagera,276.8577
2014-06-01,Kagera,254.6845
2014-07-01,Kagera,241.0999
2014-08-01,Kagera,221.751
2014-09-01,Kagera,199.0899
2014-10-01,Kagera,191.8734
2014-11-01,Kagera,228.3353
2014-12-01,Kagera,268.0424
2015-01-01,Kagera,283.6058
2015-02-01,Kagera,279.2627
2015-03-01,Kagera,269.8214
2015-04-01,Kagera,378.7767
2015-05-01,Kagera,398.1559
2015-06-01,Kagera,313.993
2015-07-01,Kagera,283.9774
2015-08-01,Kagera,262.7065
2015-09-01,Kagera,187.7194
2015-10-01,Kagera,98.1384
2015-11-01,Kagera,211.1464
2015-12-01,Kagera,301.5205
2016-01-01,Kagera,348.3605
2016-02-01,Kagera,356.4915
2016-03-01,Kagera,348.1266
2016-04-01,Kagera,368.5433
2016-05-01,Kagera,228.9461
2016-06-01,Kagera,309.8559
2016-07-01,Kagera,183.3368
2016-08-01,Kagera,169.6861
2016-09-01,Kagera,168.4673
2016-10-01,Kagera,165.1755
2016-11-01,Kagera,178.238
2016-12-01,Kagera,181.7021
2017-01-01,Kagera,170.965
2017-02-01,Kagera,268.2981
2017-03-01,Kagera,206.9728
2017-04-01,Kagera,289.7647
2017-05-01,Kagera,270.9201
2017-06-01,Kagera,279.3639
2017-07-01,Kagera,265.0597
2017-08-01,Kagera,159.4797
2017-09-01,Kagera,120.3273
2017-10-01,Kagera,148.7659
2017-11-01,Kagera,156.4484
2017-12-01,Kagera,216.7616
2018-01-01,Kagera,222.4843
2018-02-01,Kagera,307.7484
2018-03-01,Kagera,300.9975
2018-04-01,Kagera,316.8811
2018-05-01,Kagera,376.1186
2018-06-01,Kagera,236.8572
2018-07-01,Kagera,224.1407
2018-08-01,Kagera,210.7793
2018-09-01,Kagera,106.8376
2018-10-01,Kagera,179.6473
2018-11-01,Kagera,248.2721
2018-12-01,Kagera,308.5025
1998-01-01,Katonga,14.12885766
1998-02-01,Katonga,8.404717852
1998-03-01,Katonga,4.299708973
1998-04-01,Katonga,5.688180693
1998-05-01,Katonga,12.59680204
1998-06-01,Katonga,6.948817873
1998-07-01,Katonga,3.444900992
1998-08-01,Katonga,8.38205995
1998-09-01,Katonga,2.004621127
1998-10-01,Katonga,2.282308572
1998-11-01,Katonga,1.987713975
1998-12-01,Katonga,1.924711711
1999-01-01,Katonga,5.495619035
1999-02-01,Katonga,3.08521216
1999-03-01,Katonga,2.622443323
1999-04-01,Katonga,3.340633384
1999-05-01,Katonga,6.352165357
1999-06-01,Katonga,6.08892851
1999-07-01,Katonga,3.133512153
1999-08-01,Katonga,1.909682234
1999-09-01,Katonga,1.488574456
1999-10-01,Katonga,2.246457219
1999-11-01,Katonga,2.608628721
1999-12-01,Katonga,5.396177689
2000-01-01,Katonga,5.135585901
2000-02-01,Katonga,3.440872692
2000-03-01,Katonga,4.713332457
2000-04-01,Katonga,2.206451056
2000-05-01,Katonga,2.783328453
2000-06-01,Katonga,2.152508417
2000-07-01,Katonga,3.224977438
2000-08-01,Katonga,1.013583529
2000-09-01,Katonga,0.853954207
2000-10-01,Katonga,0.769125995
2000-11-01,Katonga,1.665670838
2000-12-01,Katonga,1.611778672
2001-01-01,Katonga,2.895327733
2001-02-01,Katonga,3.548915794
2001-03-01,Katonga,2.87064432
2001-04-01,Katonga,3.621236795
2001-05-01,Katonga,6.956098933
2001-06-01,Katonga,3.928341304
2001-07-01,Katonga,2.081403462
2001-08-01,Katonga,6.323395222
2001-09-01,Katonga,1.186938353
2001-10-01,Katonga,1.382348919
2001-11-01,Katonga,1.98822787
2001-12-01,Katonga,5.208280033
2002-01-01,Katonga,5.532451651
2002-02-01,Katonga,3.12884807
2002-03-01,Katonga,3.185121223
2002-04-01,Katonga,10.98348893
2002-05-01,Katonga,16.05576736
2002-06-01,Katonga,4.815267003
2002-07-01,Katonga,2.790804882
2002-08-01,Katonga,1.736478186
2002-09-01,Katonga,1.491384622
2002-10-01,Katonga,1.276226775
2002-11-01,Katonga,8.248285592
2002-12-01,Katonga,5.918846838
2003-01-01,Katonga,6.018062443
2003-02-01,Katonga,3.525246853
2003-03-01,Katonga,2.541691223
2003-04-01,Katonga,4.08966479
2003-05-01,Katonga,4.544870047
2003-06-01,Katonga,2.364639062
2003-07-01,Katonga,8.776907521
2003-08-01,Katonga,3.085560501
2003-09-01,Katonga,1.683788765
2003-10-01,Katonga,2.553583406
2003-11-01,Katonga,8.342946635
2003-12-01,Katonga,9.617120923
2004-01-01,Katonga,7.720546546
2004-02-01,Katonga,2.243356779
2004-03-01,Katonga,10.57045969
2004-04-01,Katonga,11.62541964
2004-05-01,Katonga,9.748533716
2004-06-01,Katonga,6.263227621
2004-07-01,Katonga,6.871583566
2004-08-01,Katonga,6.264901409
2004-09-01,Katonga,1.967256701
2004-10-01,Katonga,3.740840837
2004-11-01,Katonga,7.829829636
2004-12-01,Katonga,2.131698397
2005-01-01,Katonga,0.931395497
2005-02-01,Katonga,0.820304746
2005-03-01,Katonga,0.671798273
2005-04-01,Katonga,0.807813246
2005-05-01,Katonga,0.988332876
2005-06-01,Katonga,0.587073631
2005-07-01,Katonga,0.374920956
2005-08-01,Katonga,0.268235053
2005-09-01,Katonga,0.368069246
2005-10-01,Katonga,0.941745023
2005-11-01,Katonga,1.033105099
2005-12-01,Katonga,0.414765717
2006-01-01,Katonga,0.028023228
2006-02-01,Katonga,0.00755844
2006-03-01,Katonga,0.008733151
2006-04-01,Katonga,0.122656812
2006-05-01,Katonga,0.52612608
2006-06-01,Katonga,0.718392791
2006-07-01,Katonga,0.305411174
2006-08-01,Katonga,0.184633957
2006-09-01,Katonga,0.014084835
2006-10-01,Katonga,0.00755844
2006-11-01,Katonga,0.504828898
2006-12-01,Katonga,1.645693063
2007-01-01,Katonga,2.622821738
2007-02-01,Katonga,2.644680394
2007-03-01,Katonga,1.782627378
2007-04-01,Katonga,1.473619756
2007-05-01,Katonga,1.743038508
2007-06-01,Katonga,1.544732077
2007-07-01,Katonga,0.885945723
2007-08-01,Katonga,0.629338864
2007-09-01,Katonga,0.829089862
2007-10-01,Katonga,1.506011837
2007-11-01,Katonga,1.358976566
2007-12-01,Katonga,4.285257686
2008-01-01,Katonga,3.222054546
2008-02-01,Katonga,2.73645643
2008-03-01,Katonga,2.217200313
2008-04-01,Katonga,3.530738308
2008-05-01,Katonga,4.384466797
2008-06-01,Katonga,4.446268304
2008-07-01,Katonga,2.697290109
2008-08-01,Katonga,1.900042155
2008-09-01,Katonga,1.603072868
2008-10-01,Katonga,1.654640754
2008-11-01,Katonga,2.154485628
2008-12-01,Katonga,3.00817025
2003-01-01,Magogo,8.235
2003-02-01,Magogo,6.09
2003-03-01,Magogo,4.515
2003-04-01,Magogo,7.665
2003-05-01,Magogo,14.7475
2003-06-01,Magogo,12.5
2003-07-01,Magogo,11.2
2003-08-01,Magogo,7.0925
2003-09-01,Magogo,7.4775
2003-10-01,Magogo,6.5875
2003-11-01,Magogo,5.65
2003-12-01,Magogo,5.0675
2004-01-01,Magogo,5.5725
2004-02-01,Magogo,5.0075
2004-03-01,Magogo,7.3525
2004-04-01,Magogo,11.8925
2004-05-01,Magogo,14.8825
2004-06-01,Magogo,10.01
2004-07-01,Magogo,6.36
2004-08-01,Magogo,5.085
2004-09-01,Magogo,6.7425
2004-10-01,Magogo,6.5975
2004-11-01,Magogo,7.405
2004-12-01,Magogo,6.86
2005-01-01,Magogo,6.6475
2005-02-01,Magogo,6.0525
2005-03-01,Magogo,6.8425
2005-04-01,Magogo,9.52
2005-05-01,Magogo,15.89
2005-06-01,Magogo,14.3525
2005-07-01,Magogo,7.1675
2005-08-01,Magogo,4.9275
2005-09-01,Magogo,5.1725
2005-10-01,Magogo,3.49
2005-11-01,Magogo,4.9975
2005-12-01,Magogo,3.8625
2006-01-01,Magogo,2.5875
2006-02-01,Magogo,1.3675
2006-03-01,Magogo,5.88
2006-04-01,Magogo,11.3325
2006-05-01,Magogo,18.83
2006-06-01,Magogo,14.395
2006-07-01,Magogo,8.7525
2006-08-01,Magogo,6.1475
2006-09-01,Magogo,5.2525
2006-10-01,Magogo,4.8475
2006-11-01,Magogo,9.96
2006-12-01,Magogo,16.0125
2007-01-01,Magogo,16.12
2007-02-01,Magogo,15.135
2007-03-01,Magogo,12.92
2007-04-01,Magogo,9.665
2007-05-01,Magogo,13.5975
2007-06-01,Magogo,10.59
2007-07-01,Magogo,7.9775
2007-08-01,Magogo,6.0575
2007-09-01,Magogo,8.5925
2007-10-01,Magogo,6.065
2007-11-01,Magogo,4.4175
2007-12-01,Magogo,5.62
2008-01-01,Magogo,3.445
2008-02-01,Magogo,3.3375
2008-03-01,Magogo,4.8325
2008-04-01,Magogo,8.91
2008-05-01,Magogo,12.0025
2008-06-01,Magogo,9.755
2008-07-01,Magogo,6.46
2008-08-01,Magogo,4.47
2008-09-01,Magogo,5.455
2008-10-01,Magogo,5.495
2008-11-01,Magogo,7.795
2008-12-01,Magogo,7.805
2009-01-01,Magogo,4.635
2009-02-01,Magogo,3.5425
2009-03-01,Magogo,2.7675
2009-04-01,Magogo,5.7625
2009-05-01,Magogo,11.07
2009-06-01,Magogo,10.405
2009-07-01,Magogo,7.3925
2009-08-01,Magogo,5.33
2009-09-01,Magogo,7.055
2009-10-01,Magogo,6.04
2009-11-01,Magogo,8.64
2009-12-01,Magogo,6.23
2010-01-01,Magogo,9.815
2010-02-01,Magogo,9.75
2010-03-01,Magogo,11.8475
2010-04-01,Magogo,15.0625
2010-05-01,Magogo,23.0325
2010-06-01,Magogo,15.1725
2010-07-01,Magogo,10.025
2010-08-01,Magogo,9.14
2010-09-01,Magogo,7.23
2010-10-01,Magogo,6.04
2010-11-01,Magogo,6.4875
2010-12-01,Magogo,6.6825
2011-01-01,Magogo,6.145
2011-02-01,Magogo,5.28
2011-03-01,Magogo,4.56
2011-04-01,Magogo,6.0225
2011-05-01,Magogo,14.0475
2011-06-01,Magogo,10.4175
2011-07-01,Magogo,8.03
2011-08-01,Magogo,7.6875
2011-09-01,Magogo,8.0125
2011-10-01,Magogo,9.08
2011-11-01,Magogo,12.3725
2011-12-01,Magogo,14.21
2012-01-01,Magogo,7.9775
2012-02-01,Magogo,3.42
2012-03-01,Magogo,4.2025
2012-04-01,Magogo,10.2425
2012-05-01,Magogo,16.3
2012-06-01,Magogo,15.2275
2012-07-01,Magogo,11.58
2012-08-01,Magogo,10.49
2012-09-01,Magogo,11.2925
2012-10-01,Magogo,7.925
2012-11-01,Magogo,11.44
2012-12-01,Magogo,11.59
2013-01-01,Magogo,9.045
2013-02-01,Magogo,6.905
2013-03-01,Magogo,7.0175
2013-04-01,Magogo,16.965
2013-05-01,Magogo,19.5275
2013-06-01,Magogo,12.2425
2013-07-01,Magogo,9.1875
2013-08-01,Magogo,4.9875
2013-09-01,Magogo,4.645
2013-10-01,Magogo,6.4675
2013-11-01,Magogo,5.32
2013-12-01,Magogo,8.655
2014-01-01,Magogo,7.785
2014-02-01,Magogo,8.18
2014-03-01,Magogo,9.18
2014-04-01,Magogo,8.695
2014-05-01,Magogo,10.4125
2014-06-01,Magogo,8.98
2014-07-01,Magogo,6.7275
2014-08-01,Magogo,6.61
2014-09-01,Magogo,8.115
2014-10-01,Magogo,6.46
2014-11-01,Magogo,5.73
2014-12-01,Magogo,7.3725
2015-01-01,Magogo,3.0324
2015-02-01,Magogo,1.29402
2015-03-01,Magogo,1.27554
2015-04-01,Magogo,9.4794
2015-05-01,Magogo,16.6236
2015-06-01,Magogo,14.9478
2015-07-01,Magogo,11.382
2015-08-01,Magogo,5.6826
2015-09-01,Magogo,5.0001
2015-10-01,Magogo,3.5994
2015-11-01,Magogo,7.056
2015-12-01,Magogo,10.2417
2016-01-01,Magogo,8.8515
2016-02-01,Magogo,6.594
2016-03-01,Magogo,6.3819
2016-04-01,Magogo,9.6264
2016-05-01,Magogo,18.9819
2016-06-01,Magogo,12.2094
2016-07-01,Magogo,7.7784
2016-08-01,Magogo,4.8447
2016-09-01,Magogo,3.8346
2016-10-01,Magogo,4.3974
2016-11-01,Magogo,5.271
2016-12-01,Magogo,5.2185
2017-01-01,Magogo,3.5343
2017-02-01,Magogo,2.7657
2017-03-01,Magogo,2.07522
2017-04-01,Magogo,4.5381
2017-05-01,Magogo,11.676
2017-06-01,Magogo,9.7188
2017-07-01,Magogo,8.0241
2017-08-01,Magogo,5.5167
2017-09-01,Magogo,6.6045
2017-10-01,Magogo,6.6885
2017-11-01,Magogo,7.8246
2017-12-01,Magogo,7.1358
2018-01-01,Magogo,4.6494
2018-02-01,Magogo,2.7426
2018-03-01,Magogo,7.5201
2018-04-01,Magogo,14.6454
2018-05-01,Magogo,17.4405
2018-06-01,Magogo,14.8071
2018-07-01,Magogo,9.5592
2018-08-01,Magogo,7.4802
2018-09-01,Magogo,6.2307
2018-10-01,Magogo,4.6914
2018-11-01,Magogo,6.3651
2018-12-01,Magogo,8.5029
2019-01-01,Magogo,4.8867
2019-02-01,Magogo,2.7216
2019-03-01,Magogo,2.4885
2019-04-01,Magogo,5.9787
2019-05-01,Magogo,8.3727
2019-06-01,Magogo,11.3001
2019-07-01,Magogo,8.2971
2019-08-01,Magogo,5.7687
2019-09-01,Magogo,6.7116
2019-10-01,Magogo,7.0875
2019-11-01,Magogo,10.0548
2019-12-01,Magogo,17.4867
2020-01-01,Magogo,16.8378
2020-02-01,Magogo,13.482
2020-03-01,Magogo,17.7996
2020-04-01,Magogo,18.3834
2020-05-01,Magogo,19.0596
2020-06-01,Magogo,14.3934
2020-07-01,Magogo,9.4899
2020-08-01,Magogo,5.9976
2020-09-01,Magogo,6.6045
2020-10-01,Magogo,6.5919
2020-11-01,Magogo,15.9033
2020-12-01,Magogo,11.6928
2021-01-01,Magogo,10.0779
2021-02-01,Magogo,7.8267
2021-03-01,Magogo,6.867
2021-04-01,Magogo,12.9003
2021-05-01,Magogo,16.884
2021-06-01,Magogo,11.5206
2021-07-01,Magogo,9.4038
2021-08-01,Magogo,6.9573
2021-09-01,Magogo,8.5512
2021-10-01,Magogo,6.9258
2021-11-01,Magogo,6.3231
2021-12-01,Magogo,5.0526
2022-01-01,Magogo,7.497
2022-02-01,Magogo,13.3371
2022-03-01,Magogo,11.1846
2022-04-01,Magogo,11.3925
2022-05-01,Magogo,16.6194
2022-06-01,Magogo,12.2304
2022-07-01,Magogo,8.1816
2022-08-01,Magogo,7.9779
2022-09-01,Magogo,7.8204
2022-10-01,Magogo,6.9006
2022-11-01,Magogo,9.6075
2022-12-01,Magogo,14.6265
2023-01-01,Magogo,9.8952
2023-02-01,Magogo,5.8884
2023-03-01,Magogo,5.586
2023-04-01,Magogo,10.8528
2023-05-01,Magogo,14.7441
2023-06-01,Magogo,12.0603
2023-07-01,Magogo,8.6961
2023-08-01,Magogo,5.0736
2023-09-01,Magogo,7.0392
2023-10-01,Magogo,7.4088
2023-11-01,Magogo,9.8763
2023-12-01,Magogo,11.8923
2003-01-01,Mbalangeti,9.8
2003-02-01,Mbalangeti,8.3706
2003-03-01,Mbalangeti,6.9244
2003-04-01,Mbalangeti,6.4974
2003-05-01,Mbalangeti,11.039
2003-06-01,Mbalangeti,8.8802
2003-07-01,Mbalangeti,4.1594
2003-08-01,Mbalangeti,1.5456
2003-09-01,Mbalangeti,2.177
2003-10-01,Mbalangeti,1.8984
2003-11-01,Mbalangeti,0.71862
2003-12-01,Mbalangeti,2.4234
2004-01-01,Mbalangeti,4.5178
2004-02-01,Mbalangeti,5.5454
2004-03-01,Mbalangeti,7.9926
2004-04-01,Mbalangeti,10.6708
2004-05-01,Mbalangeti,13.4736
2004-06-01,Mbalangeti,9.352
2004-07-01,Mbalangeti,4.7054
2004-08-01,Mbalangeti,1.4406
2004-09-01,Mbalangeti,0.39886
2004-10-01,Mbalangeti,1.5722
2004-11-01,Mbalangeti,3.0758
2004-12-01,Mbalangeti,5.5734
2005-01-01,Mbalangeti,12.5272
2005-02-01,Mbalangeti,12.4922
2005-03-01,Mbalangeti,14.35
2005-04-01,Mbalangeti,10.7366
2005-05-01,Mbalangeti,9.6292
2005-06-01,Mbalangeti,8.1088
2005-07-01,Mbalangeti,4.6662
2005-08-01,Mbalangeti,1.35114
2005-09-01,Mbalangeti,0.35308
2005-10-01,Mbalangeti,0.124558
2005-11-01,Mbalangeti,0.78862
2005-12-01,Mbalangeti,2.6334
2006-01-01,Mbalangeti,3.9676
2006-02-01,Mbalangeti,2.485
2006-03-01,Mbalangeti,9.3492
2006-04-01,Mbalangeti,9.198
2006-05-01,Mbalangeti,11.6158
2006-06-01,Mbalangeti,10.1486
2006-07-01,Mbalangeti,5.2514
2006-08-01,Mbalangeti,2.0286
2006-09-01,Mbalangeti,0.65464
2006-10-01,Mbalangeti,0.096236
2006-11-01,Mbalangeti,5.5062
2006-12-01,Mbalangeti,11.3778
2007-01-01,Mbalangeti,12.5832
2007-02-01,Mbalangeti,14.042
2007-03-01,Mbalangeti,11.3988
2007-04-01,Mbalangeti,10.5126
2007-05-01,Mbalangeti,9.065
2007-06-01,Mbalangeti,6.5828
2007-07-01,Mbalangeti,4.1342
2007-08-01,Mbalangeti,1.5274
2007-09-01,Mbalangeti,2.2302
2007-10-01,Mbalangeti,1.8774
2007-11-01,Mbalangeti,2.2764
2007-12-01,Mbalangeti,5.285
2008-01-01,Mbalangeti,5.054
2008-02-01,Mbalangeti,6.1544
2008-03-01,Mbalangeti,12.9024
2008-04-01,Mbalangeti,12.2038
2008-05-01,Mbalangeti,11.0838
2008-06-01,Mbalangeti,6.8026
2008-07-01,Mbalangeti,3.2298
2008-08-01,Mbalangeti,1.19882
2008-09-01,Mbalangeti,1.5204
2008-10-01,Mbalangeti,3.2746
2008-11-01,Mbalangeti,6.545
2008-12-01,Mbalangeti,7.4326
2009-01-01,Mbalangeti,5.2906
2009-02-01,Mbalangeti,4.1118
2009-03-01,Mbalangeti,6.608
2009-04-01,Mbalangeti,8.6982
2009-05-01,Mbalangeti,13.3336
2009-06-01,Mbalangeti,12.1282
2009-07-01,Mbalangeti,7.1274
2009-08-01,Mbalangeti,2.6656
2009-09-01,Mbalangeti,0.66248
2009-10-01,Mbalangeti,0.66248
2009-11-01,Mbalangeti,3.8962
2009-12-01,Mbalangeti,11.3148
2010-01-01,Mbalangeti,13.1068
2010-02-01,Mbalangeti,12.6966
2010-03-01,Mbalangeti,13.7074
2010-04-01,Mbalangeti,18.34
2010-05-01,Mbalangeti,16.24
2010-06-01,Mbalangeti,10.8542
2010-07-01,Mbalangeti,5.4418
2010-08-01,Mbalangeti,1.7962
2010-09-01,Mbalangeti,1.5064
2010-10-01,Mbalangeti,1.869
2010-11-01,Mbalangeti,3.857
2010-12-01,Mbalangeti,5.4082
2011-01-01,Mbalangeti,6.5212
2011-02-01,Mbalangeti,7.8386
2011-03-01,Mbalangeti,12.957
2011-04-01,Mbalangeti,15.876
2011-05-01,Mbalangeti,10.6176
2011-06-01,Mbalangeti,7.2366
2011-07-01,Mbalangeti,4.893
2011-08-01,Mbalangeti,5.2136
2011-09-01,Mbalangeti,4.9966
2011-10-01,Mbalangeti,5.1968
2011-11-01,Mbalangeti,17.528
2011-12-01,Mbalangeti,17.15
2012-01-01,Mbalangeti,12.0736
2012-02-01,Mbalangeti,7.2128
2012-03-01,Mbalangeti,6.9356
2012-04-01,Mbalangeti,6.5744
2012-05-01,Mbalangeti,9.2792
2012-06-01,Mbalangeti,8.477
2012-07-01,Mbalangeti,3.892
2012-08-01,Mbalangeti,1.12574
2012-09-01,Mbalangeti,1.7878
2012-10-01,Mbalangeti,1.7626
2012-11-01,Mbalangeti,4.6802
2012-12-01,Mbalangeti,5.6294
2013-01-01,Mbalangeti,7.3192
2013-02-01,Mbalangeti,6.0956
2013-03-01,Mbalangeti,6.0298
2013-04-01,Mbalangeti,16.31
2013-05-01,Mbalangeti,15.834
2013-06-01,Mbalangeti,9.3744
2013-07-01,Mbalangeti,4.508
2013-08-01,Mbalangeti,0.85232
2013-09-01,Mbalangeti,0.49322
2013-10-01,Mbalangeti,2.1756
2013-11-01,Mbalangeti,2.5928
2013-12-01,Mbalangeti,6.0844
2014-01-01,Mbalangeti,8.5526
2014-02-01,Mbalangeti,10.5756
2014-03-01,Mbalangeti,13.7298
2014-04-01,Mbalangeti,11.9112
2014-05-01,Mbalangeti,7.5264
2014-06-01,Mbalangeti,4.4856
2014-07-01,Mbalangeti,1.729
2014-08-01,Mbalangeti,2.7986
2014-09-01,Mbalangeti,4.4968
2014-10-01,Mbalangeti,4.4464
2014-11-01,Mbalangeti,4.3736
2014-12-01,Mbalangeti,6.1754
2003-01-01,Migori,133.77
2003-02-01,Migori,79.8
2003-03-01,Migori,52.759
2003-04-01,Migori,39.053
2003-05-01,Migori,38.437
2003-06-01,Migori,33.649
2003-07-01,Migori,16.177
2003-08-01,Migori,6.7445
2003-09-01,Migori,3.2809
2003-10-01,Migori,1.9516
2003-11-01,Migori,9.499
2003-12-01,Migori,67.221
2004-01-01,Migori,50.61
2004-02-01,Migori,46.221
2004-03-01,Migori,37.121
2004-04-01,Migori,49.56
2004-05-01,Migori,58.45
2004-06-01,Migori,36.12
2004-07-01,Migori,13.125
2004-08-01,Migori,1.5309
2004-09-01,Migori,8.435
2004-10-01,Migori,12.698
2004-11-01,Migori,38.724
2004-12-01,Migori,77.35
2005-01-01,Migori,64.561
2005-02-01,Migori,42.525
2005-03-01,Migori,58.52
2005-04-01,Migori,36.519
2005-05-01,Migori,73.22
2005-06-01,Migori,46.501
2005-07-01,Migori,26.404
2005-08-01,Migori,10.185
2005-09-01,Migori,4.4366
2005-10-01,Migori,8.561
2005-11-01,Migori,31.192
2005-12-01,Migori,14.133
2006-01-01,Migori,10.64
2006-02-01,Migori,10.857
2006-03-01,Migori,54.124
2006-04-01,Migori,117.95
2006-05-01,Migori,103.6
2006-06-01,Migori,68.096
2006-07-01,Migori,33.103
2006-08-01,Migori,14.182
2006-09-01,Migori,4.5528
2006-10-01,Migori,11.984
2006-11-01,Migori,145.39
2006-12-01,Migori,214.62
2007-01-01,Migori,229.67
2007-02-01,Migori,213.36
2007-03-01,Migori,125.3
2007-04-01,Migori,99.05
2007-05-01,Migori,65.709
2007-06-01,Migori,53.487
2007-07-01,Migori,33.887
2007-08-01,Migori,21.336
2007-09-01,Migori,33.481
2007-10-01,Migori,31.752
2007-11-01,Migori,39.984
2007-12-01,Migori,72.94
2008-01-01,Migori,61.516
2008-02-01,Migori,56.427
2008-03-01,Migori,81.06
2008-04-01,Migori,76.23
2008-05-01,Migori,44.226
2008-06-01,Migori,21.546
2008-07-01,Migori,7.105
2008-08-01,Migori,0.9023
2008-09-01,Migori,15.582
2008-10-01,Migori,109.06
2008-11-01,Migori,95.9
2008-12-01,Migori,66.465
2009-01-01,Migori,63.196
2009-02-01,Migori,41.65
2009-03-01,Migori,26.803
2009-04-01,Migori,66.927
2009-05-01,Migori,51.079
2009-06-01,Migori,30.653
2009-07-01,Migori,15.547
2009-08-01,Migori,3.6414
2009-09-01,Migori,1.981
2009-10-01,Migori,7.791
2009-11-01,Migori,40.887
2009-12-01,Migori,100.94
2010-01-01,Migori,130.13
2010-02-01,Migori,177.8
2010-03-01,Migori,183.12
2010-04-01,Migori,122.01
2010-05-01,Migori,151.69
2010-06-01,Migori,60.438
2010-07-01,Migori,23.492
2010-08-01,Migori,6.3784
2010-09-01,Migori,7.77
2010-10-01,Migori,19.831
2010-11-01,Migori,28.483
2010-12-01,Migori,60.718
2011-01-01,Migori,57.477
2011-02-01,Migori,37.408
2011-03-01,Migori,42.427
2011-04-01,Migori,33.628
2011-05-01,Migori,48.174
2011-06-01,Migori,37.59
2011-07-01,Migori,24.087
2011-08-01,Migori,38.43
2011-09-01,Migori,69.706
2011-10-01,Migori,102.41
2011-11-01,Migori,178.85
2011-12-01,Migori,221.83
2012-01-01,Migori,127.54
2012-02-01,Migori,70.21
2012-03-01,Migori,33.152
2012-04-01,Migori,95.2
2012-05-01,Migori,131.04
2012-06-01,Migori,89.04
2012-07-01,Migori,53.697
2012-08-01,Migori,35.091
2012-09-01,Migori,32.018
2012-10-01,Migori,49.245
2012-11-01,Migori,92.96
2012-12-01,Migori,135.94
2013-01-01,Migori,133.7
2013-02-01,Migori,92.05
2013-03-01,Migori,82.53
2013-04-01,Migori,137.27
2013-05-01,Migori,121.45
2013-06-01,Migori,72.66
2013-07-01,Migori,26.971
2013-08-01,Migori,15.323
2013-09-01,Migori,10.773
2013-10-01,Migori,12.327
2013-11-01,Migori,38.941
2013-12-01,Migori,91.07
2014-01-01,Migori,87.92
2014-02-01,Migori,60.963
2014-03-01,Migori,59.878
2014-04-01,Migori,44.009
2014-05-01,Migori,26.187
2014-06-01,Migori,22.722
2014-07-01,Migori,9.282
2014-08-01,Migori,6.4204
2014-09-01,Migori,23.422
2014-10-01,Migori,53.634
2014-11-01,Migori,62.699
2014-12-01,Migori,83.3
2015-01-01,Migori,58.4353
2015-02-01,Migori,30.9463
2015-03-01,Migori,34.9734
2015-04-01,Migori,187.803
2015-05-01,Migori,137.83
2015-06-01,Migori,96.866
2015-07-01,Migori,55.209
2015-08-01,Migori,21.4368
2015-09-01,Migori,3.88311
2015-10-01,Migori,23.9393
2015-11-01,Migori,178.948
2015-12-01,Migori,195.041
2016-01-01,Migori,159.313
2016-02-01,Migori,102.025
2016-03-01,Migori,65.0804
2016-04-01,Migori,93.632
2016-05-01,Migori,87.857
2016-06-01,Migori,60.3295
2016-07-01,Migori,27.9664
2016-08-01,Migori,6.25009
2016-09-01,Migori,16.6243
2016-10-01,Migori,9.7328
2016-11-01,Migori,17.4174
2016-12-01,Migori,19.3116
2017-01-01,Migori,14.3297
2017-02-01,Migori,11.242
2017-03-01,Migori,12.0505
2017-04-01,Migori,13.167
2017-05-01,Migori,4.16724
2017-06-01,Migori,1.49072
2017-07-01,Migori,0.091322
2017-08-01,Migori,0.049049
2017-09-01,Migori,5.44236
2017-10-01,Migori,24.6092
2017-11-01,Migori,49.9191
2017-12-01,Migori,41.7186
2018-01-01,Migori,38.6309
2018-02-01,Migori,26.873
2018-03-01,Migori,85.778
2018-04-01,Migori,136.136
2018-05-01,Migori,143.99
2018-06-01,Migori,109.109
2018-07-01,Migori,54.131
2018-08-01,Migori,36.7829
2018-09-01,Migori,19.4656
2018-10-01,Migori,26.6343
2018-11-01,Migori,22.2376
2018-12-01,Migori,101.64
2019-01-01,Migori,67.4058
2019-02-01,Migori,49.2569
2019-03-01,Migori,18.0257
2019-04-01,Migori,29.0829
2019-05-01,Migori,35.2044
2019-06-01,Migori,62.1159
2019-07-01,Migori,46.4002
2019-08-01,Migori,36.6135
2019-09-01,Migori,50.4504
2019-10-01,Migori,122.43
2019-11-01,Migori,181.104
2019-12-01,Migori,213.059
2020-01-01,Migori,226.688
2020-02-01,Migori,170.17
2020-03-01,Migori,181.797
2020-04-01,Migori,183.029
2020-05-01,Migori,155.617
2020-06-01,Migori,95.557
2020-07-01,Migori,35.8589
2020-08-01,Migori,8.7934
2020-09-01,Migori,11.088
2020-10-01,Migori,15.1382
2020-11-01,Migori,123.97
2020-12-01,Migori,90.398
2021-01-01,Migori,105.413
2021-02-01,Migori,86.317
2021-03-01,Migori,53.5381
2021-04-01,Migori,60.4758
2021-05-01,Migori,73.073
2021-06-01,Migori,50.6121
2021-07-01,Migori,19.481
2021-08-01,Migori,17.8948
2021-09-01,Migori,18.2567
2021-10-01,Migori,5.52244
2021-11-01,Migori,10.8416
2021-12-01,Migori,22.6226
2022-01-01,Migori,52.8143
2022-02-01,Migori,59.3978
2022-03-01,Migori,44.2057
2022-04-01,Migori,32.1398
2022-05-01,Migori,25.2714
2022-06-01,Migori,14.8687
2022-07-01,Migori,7.57141
2022-08-01,Migori,3.32178
2022-09-01,Migori,10.2872
2022-10-01,Migori,6.7452
2022-11-01,Migori,30.4612
2022-12-01,Migori,49.3031
2023-01-01,Migori,48.8565
2023-02-01,Migori,34.9118
2023-03-01,Migori,62.6934
2023-04-01,Migori,115.192
2023-05-01,Migori,70.4704
2023-06-01,Migori,40.2248
2023-07-01,Migori,8.9474
2023-08-01,Migori,0.91168
2023-09-01,Migori,2.82205
2023-10-01,Migori,2.0867
2023-11-01,Migori,59.7982
2023-12-01,Migori,61.6
2003-01-01,Mori,9.3279
2003-02-01,Mori,6.766
2003-03-01,Mori,4.182
2003-04-01,Mori,3.961
2003-05-01,Mori,4.5866
2003-06-01,Mori,3.3252
2003-07-01,Mori,0.93466
2003-08-01,Mori,0.166957
2003-09-01,Mori,0.07072
2003-10-01,Mori,0.051102
2003-11-01,Mori,0.37876
2003-12-01,Mori,6.0843
2004-01-01,Mori,6.1795
2004-02-01,Mori,5.4264
2004-03-01,Mori,5.0983
2004-04-01,Mori,5.0405
2004-05-01,Mori,5.0762
2004-06-01,Mori,3.349
2004-07-01,Mori,0.6953
2004-08-01,Mori,0.20383
2004-09-01,Mori,0.089862
2004-10-01,Mori,0.15181
2004-11-01,Mori,2.0519
2004-12-01,Mori,7.1638
2005-01-01,Mori,7.9815
2005-02-01,Mori,6.6164
2005-03-01,Mori,5.7256
2005-04-01,Mori,4.1769
2005-05-01,Mori,3.7842
2005-06-01,Mori,3.0583
2005-07-01,Mori,0.92327
2005-08-01,Mori,0.39899
2005-09-01,Mori,0.74477
2005-10-01,Mori,0.83113
2005-11-01,Mori,2.6435
2005-12-01,Mori,2.2083
2006-01-01,Mori,1.19255
2006-02-01,Mori,0.50966
2006-03-01,Mori,3.9015
2006-04-01,Mori,6.341
2006-05-01,Mori,6.528
2006-06-01,Mori,4.4812
2006-07-01,Mori,1.9856
2006-08-01,Mori,0.25194
2006-09-01,Mori,0.095183
2006-10-01,Mori,0.3519
2006-11-01,Mori,5.1272
2006-12-01,Mori,14.0692
2007-01-01,Mori,15.6298
2007-02-01,Mori,15.5261
2007-03-01,Mori,10.2068
2007-04-01,Mori,6.6657
2007-05-01,Mori,4.9691
2007-06-01,Mori,3.1603
2007-07-01,Mori,1.21839
2007-08-01,Mori,0.55811
2007-09-01,Mori,1.28214
2007-10-01,Mori,1.47118
2007-11-01,Mori,1.58185
2007-12-01,Mori,6.1064
2008-01-01,Mori,6.6198
2008-02-01,Mori,6.8204
2008-03-01,Mori,6.1948
2008-04-01,Mori,6.9496
2008-05-01,Mori,5.5386
2008-06-01,Mori,2.7506
2008-07-01,Mori,0.42908
2008-08-01,Mori,0.138686
2008-09-01,Mori,0.15623
2008-10-01,Mori,2.1301
2008-11-01,Mori,4.7804
2008-12-01,Mori,5.6508
2009-01-01,Mori,5.5318
2009-02-01,Mori,7.106
2009-03-01,Mori,6.2373
2009-04-01,Mori,19.907
2009-05-01,Mori,8.2348
2009-06-01,Mori,4.9844
2009-07-01,Mori,1.7748
2009-08-01,Mori,0.27778
2009-09-01,Mori,0.138193
2009-10-01,Mori,0.40647
2009-11-01,Mori,3.4051
2009-12-01,Mori,10.2255
2010-01-01,Mori,12.019
2010-02-01,Mori,13.7768
2010-03-01,Mori,13.6527
2010-04-01,Mori,11.0585
2010-05-01,Mori,16.8793
2010-06-01,Mori,6.2696
2010-07-01,Mori,2.6673
2010-08-01,Mori,0.39967
2010-09-01,Mori,0.26945
2010-10-01,Mori,0.27183
2010-11-01,Mori,1.24491
2010-12-01,Mori,4.5526
2011-01-01,Mori,5.9823
2011-02-01,Mori,5.2462
2011-03-01,Mori,4.505
2011-04-01,Mori,5.5896
2011-05-01,Mori,6.2254
2011-06-01,Mori,4.7413
2011-07-01,Mori,2.0638
2011-08-01,Mori,1.25528
2011-09-01,Mori,2.0264
2011-10-01,Mori,4.0341
2011-11-01,Mori,9.8209
2011-12-01,Mori,13.8074
2012-01-01,Mori,12.0547
2012-02-01,Mori,7.7775
2012-03-01,Mori,6.5807
2012-04-01,Mori,8.1719
2012-05-01,Mori,7.8727
2012-06-01,Mori,6.3597
2012-07-01,Mori,2.6605
2012-08-01,Mori,0.89233
2012-09-01,Mori,2.4089
2012-10-01,Mori,3.3643
2012-11-01,Mori,6.5195
2012-12-01,Mori,11.186
2013-01-01,Mori,11.5872
2013-02-01,Mori,10.0368
2013-03-01,Mori,7.2709
2013-04-01,Mori,8.33
2013-05-01,Mori,8.1549
2013-06-01,Mori,5.0932
2013-07-01,Mori,1.40964
2013-08-01,Mori,0.34748
2013-09-01,Mori,0.38777
2013-10-01,Mori,0.7089
2013-11-01,Mori,2.7081
2013-12-01,Mori,7.3627
2014-01-01,Mori,7.0805
2014-02-01,Mori,5.6644
2014-03-01,Mori,4.4268
2014-04-01,Mori,5.6066
2014-05-01,Mori,5.3584
2014-06-01,Mori,3.3133
2014-07-01,Mori,0.71536
2014-08-01,Mori,0.22525
2014-09-01,Mori,1.5181
2014-10-01,Mori,2.7489
2014-11-01,Mori,4.6053
2014-12-01,Mori,6.2288
2015-01-01,Mori,5.9926
2015-02-01,Mori,3.6195
2015-03-01,Mori,2.5099
2015-04-01,Mori,9.1922
2015-05-01,Mori,9.4563
2015-06-01,Mori,6.6709
2015-07-01,Mori,3.4713
2015-08-01,Mori,0.47633
2015-09-01,Mori,0.14915
2015-10-01,Mori,0.5833
2015-11-01,Mori,8.1187
2015-12-01,Mori,12.6844
2016-01-01,Mori,12.9276
2016-02-01,Mori,9.4373
2016-03-01,Mori,5.1908
2016-04-01,Mori,5.8045
2016-05-01,Mori,6.2434
2016-06-01,Mori,4.2541
2016-07-01,Mori,1.20821
2016-08-01,Mori,0.21888
2016-09-01,Mori,0.111891
2016-10-01,Mori,0.83144
2016-11-01,Mori,1.13012
2016-12-01,Mori,2.7208
2017-01-01,Mori,2.3674
2017-02-01,Mori,2.2344
2017-03-01,Mori,3.0704
2017-04-01,Mori,3.4162
2017-05-01,Mori,2.6429
2017-06-01,Mori,0.76608
2017-07-01,Mori,0.141151
2017-08-01,Mori,0.104747
2017-09-01,Mori,0.186884
2017-10-01,Mori,1.36743
2017-11-01,Mori,4.9419
2017-12-01,Mori,5.6753
2018-01-01,Mori,4.8849
2018-02-01,Mori,3.7107
2018-03-01,Mori,6.4315
2018-04-01,Mori,9.7432
2018-05-01,Mori,9.3252
2018-06-01,Mori,6.4334
2018-07-01,Mori,2.9013
2018-08-01,Mori,0.59755
2018-09-01,Mori,0.32965
2018-10-01,Mori,1.00852
2018-11-01,Mori,1.83901
2018-12-01,Mori,6.9939
2019-01-01,Mori,7.4195
2019-02-01,Mori,5.5765
2019-03-01,Mori,3.7088
2019-04-01,Mori,2.9127
2019-05-01,Mori,4.9058
2019-06-01,Mori,6.1503
2019-07-01,Mori,4.7215
2019-08-01,Mori,1.61633
2019-09-01,Mori,0.77919
2019-10-01,Mori,5.1813
2019-11-01,Mori,17.955
2019-12-01,Mori,16.7219
2020-01-01,Mori,16.0303
2020-02-01,Mori,13.7617
2020-03-01,Mori,14.4514
2020-04-01,Mori,14.3051
2020-05-01,Mori,13.0739
2020-06-01,Mori,8.5975
2020-07-01,Mori,4.1705
2020-08-01,Mori,0.79306
2020-09-01,Mori,0.34143
2020-10-01,Mori,0.61142
2020-11-01,Mori,6.3384
2020-12-01,Mori,8.322
2021-01-01,Mori,8.9528
2021-02-01,Mori,7.4727
2021-03-01,Mori,5.3656
2021-04-01,Mori,5.7798
2021-05-01,Mori,6.1921
2021-06-01,Mori,4.5942
2021-07-01,Mori,1.62089
2021-08-01,Mori,0.32661
2021-09-01,Mori,0.85272
2021-10-01,Mori,0.48355
2021-11-01,Mori,2.3674
2021-12-01,Mori,4.1287
2022-01-01,Mori,6.251
2022-02-01,Mori,7.1041
2022-03-01,Mori,6.0173
2022-04-01,Mori,5.7893
2022-05-01,Mori,6.3802
2022-06-01,Mori,4.5258
2022-07-01,Mori,1.50499
2022-08-01,Mori,0.70813
2022-09-01,Mori,0.37677
2022-10-01,Mori,0.30533
2022-11-01,Mori,3.2813
2022-12-01,Mori,5.947
2023-01-01,Mori,6.688
2023-02-01,Mori,4.6208
2023-03-01,Mori,7.1478
2023-04-01,Mori,12.8345
2023-05-01,Mori,10.3151
2023-06-01,Mori,6.2909
2023-07-01,Mori,2.5194
2023-08-01,Mori,0.37525
2023-09-01,Mori,0.2432
2023-10-01,Mori,0.4332
2023-11-01,Mori,5.8159
2023-12-01,Mori,8.1909
1965-01-01,Nyando,26.1315
1965-02-01,Nyando,24.8177
1965-03-01,Nyando,24.6659
1965-04-01,Nyando,26.2335
1965-05-01,Nyando,26.536
1965-06-01,Nyando,24.3968
1965-07-01,Nyando,24.2069
1965-08-01,Nyando,24.4953
1965-09-01,Nyando,23.7162
1965-10-01,Nyando,24.0051
1965-11-01,Nyando,26.0913
1965-12-01,Nyando,24.2113
1966-01-01,Nyando,22.8741
1966-02-01,Nyando,24.6375
1966-03-01,Nyando,26.9759
1966-04-01,Nyando,33.9179
1966-05-01,Nyando,28.392
1966-06-01,Nyando,26.9977
1966-07-01,Nyando,27.4834
1966-08-01,Nyando,30.2771
1966-09-01,Nyando,36.12679994
1966-10-01,Nyando,53.7966
1966-11-01,Nyando,42.3214
1966-12-01,Nyando,23.5765
1967-01-01,Nyando,23.2565
1967-02-01,Nyando,23.262
1967-03-01,Nyando,23.1909
1967-04-01,Nyando,28.1006
1967-05-01,Nyando,37.8063
1967-06-01,Nyando,33.4929
1967-07-01,Nyando,40.96632188
1967-08-01,Nyando,53.3264
1967-09-01,Nyando,48.6839
1967-10-01,Nyando,43.3011
1967-11-01,Nyando,29.9719
1967-12-01,Nyando,30.1869
1968-01-01,Nyando,25.1598
1968-02-01,Nyando,25.9578
1968-03-01,Nyando,31.24799348
1968-04-01,Nyando,48.99750437
1968-05-01,Nyando,46.58429223
1968-06-01,Nyando,36.13686328
1968-07-01,Nyando,45.42708657
1968-08-01,Nyando,31.74082565
1968-09-01,Nyando,31.74082565
1968-10-01,Nyando,38.3779
1968-11-01,Nyando,27.3449
1968-12-01,Nyando,26.0128
1969-01-01,Nyando,27.7766
1969-02-01,Nyando,26.6475
1969-03-01,Nyando,25.0812
1969-04-01,Nyando,29.9476
1969-05-01,Nyando,26.2356
1969-06-01,Nyando,26.2036
1969-07-01,Nyando,26.9336
1969-08-01,Nyando,28.045
1969-09-01,Nyando,25.0961
1969-10-01,Nyando,24.48
1969-11-01,Nyando,23.2931
1969-12-01,Nyando,28.1179
1970-01-01,Nyando,30.0392
1970-02-01,Nyando,23.743
1970-03-01,Nyando,28.9395
1970-04-01,Nyando,33.7539
1970-05-01,Nyando,31.7626
1970-06-01,Nyando,52.1436
1970-07-01,Nyando,49.5867
1970-08-01,Nyando,42.8302
1970-09-01,Nyando,38.58668208
1970-10-01,Nyando,23.319
1970-11-01,Nyando,25.0434
1970-12-01,Nyando,36.5013
1971-01-01,Nyando,37.7984
1971-02-01,Nyando,38.9465
1971-03-01,Nyando,42.9408
1971-04-01,Nyando,45.9801
1971-05-01,Nyando,32.687
1971-06-01,Nyando,27.9087
1971-07-01,Nyando,27.1534
1971-08-01,Nyando,25.0691
1971-09-01,Nyando,24.5911
1971-10-01,Nyando,27.2645
1971-11-01,Nyando,32.4995
1971-12-01,Nyando,38.1227
1972-01-01,Nyando,24.1696
1972-02-01,Nyando,30.4786
1972-03-01,Nyando,19.7142
1972-04-01,Nyando,18.1532
1972-05-01,Nyando,29.9978
1972-06-01,Nyando,37.0067
1972-07-01,Nyando,50.5277
1972-08-01,Nyando,32.0772
1972-09-01,Nyando,30.8231
1972-10-01,Nyando,29.8426
1972-11-01,Nyando,27.5494
1972-12-01,Nyando,48.4733
1973-01-01,Nyando,52.7262
1973-02-01,Nyando,31.2794
1973-03-01,Nyando,28.5789
1973-04-01,Nyando,25.1719
1973-05-01,Nyando,25.031
1973-06-01,Nyando,22.7175
1973-07-01,Nyando,24.4793
1973-08-01,Nyando,38.9399
1973-09-01,Nyando,52.72620244
1973-10-01,Nyando,31.27938632
1973-11-01,Nyando,50.428
1973-12-01,Nyando,45.1658
1974-01-01,Nyando,34.7833
1974-02-01,Nyando,28.957
1974-03-01,Nyando,36.4262
1974-04-01,Nyando,25.6099
1974-05-01,Nyando,24.6829
1974-06-01,Nyando,23.7359
1974-07-01,Nyando,42.42800096
1974-08-01,Nyando,35.16582182
1974-09-01,Nyando,36.1081
1974-10-01,Nyando,37.7756
1974-11-01,Nyando,35.9219
1974-12-01,Nyando,25.60992939
1975-01-01,Nyando,63.1089
1975-02-01,Nyando,47.3005
1975-03-01,Nyando,38.1068
1975-04-01,Nyando,25.9749
1975-05-01,Nyando,20.9947
1975-06-01,Nyando,23.4009
1975-07-01,Nyando,58.0365
1975-08-01,Nyando,24.4384
1975-09-01,Nyando,29.9034
1975-10-01,Nyando,27.7057
1975-11-01,Nyando,38.10683069
1975-12-01,Nyando,52.4367
1976-01-01,Nyando,25.6357
1976-02-01,Nyando,26.1203
1976-03-01,Nyando,25.8288
1976-04-01,Nyando,38.2069
1976-05-01,Nyando,27.6119
1976-06-01,Nyando,29.7248
1976-07-01,Nyando,25.5379
1976-08-01,Nyando,37.8191
1976-09-01,Nyando,25.63568868
1976-10-01,Nyando,56.6567
1976-11-01,Nyando,52.5069
1976-12-01,Nyando,46.9595
1977-01-01,Nyando,39.2981
1977-02-01,Nyando,31.9491
1977-03-01,Nyando,55.5969
1977-04-01,Nyando,37.8274
1977-05-01,Nyando,30.7605
1977-06-01,Nyando,50.65671699
1977-07-01,Nyando,43.4773
1977-08-01,Nyando,35.4859
1977-09-01,Nyando,30.8446
1977-10-01,Nyando,39.6282
1977-11-01,Nyando,39.6786
1977-12-01,Nyando,38.0305
1978-01-01,Nyando,50.2815
1978-02-01,Nyando,28.4122
1978-03-01,Nyando,28.4006
1978-04-01,Nyando,26.6734
1978-05-01,Nyando,54.2813
1978-06-01,Nyando,31.0398
1978-07-01,Nyando,33.0268
1978-08-01,Nyando,37.751
1978-09-01,Nyando,35.4768
1978-10-01,Nyando,33.4235
1978-11-01,Nyando,37.611
1978-12-01,Nyando,29.1721
1979-01-01,Nyando,27.7794
1979-02-01,Nyando,26.413
1979-03-01,Nyando,23.0693
1979-04-01,Nyando,24.1637
1979-05-01,Nyando,24.5586
1979-06-01,Nyando,34.1287
1979-07-01,Nyando,36.8138
1979-08-01,Nyando,29.4242
1979-09-01,Nyando,31.6446
1979-10-01,Nyando,30.6626
1979-11-01,Nyando,27.9393
1979-12-01,Nyando,24.9868
1980-01-01,Nyando,22.6543
1980-02-01,Nyando,20.8145
1980-03-01,Nyando,20.5406
1980-04-01,Nyando,24.1593
1980-05-01,Nyando,44.1391
1980-06-01,Nyando,32.7438
1980-07-01,Nyando,26.6071
1980-08-01,Nyando,31.5695
1980-09-01,Nyando,43.8372
1980-10-01,Nyando,39.8547
1980-11-01,Nyando,33.1332
1980-12-01,Nyando,29.7316
1981-01-01,Nyando,22.9232
1981-02-01,Nyando,38.644
1981-03-01,Nyando,45.6049
1981-04-01,Nyando,28.1384
1981-05-01,Nyando,25.9714
1981-06-01,Nyando,24.9075
1981-07-01,Nyando,35.8339
1981-08-01,Nyando,30.3898
1981-09-01,Nyando,31.6911
1981-10-01,Nyando,30.5244
1981-11-01,Nyando,41.0989
1981-12-01,Nyando,41.5766
1982-01-01,Nyando,28.1384
1982-02-01,Nyando,25.9714
1982-03-01,Nyando,24.9075
1982-04-01,Nyando,35.8339
1982-05-01,Nyando,30.3898
1982-06-01,Nyando,31.6911
1982-07-01,Nyando,30.5244
1982-08-01,Nyando,41.0989
1982-09-01,Nyando,41.5766
1982-10-01,Nyando,40.7631
1982-11-01,Nyando,30.9517
1982-12-01,Nyando,27.8618
1983-01-01,Nyando,26.5825
1983-02-01,Nyando,24.9922
1983-03-01,Nyando,24.3854
1983-04-01,Nyando,26.6083
1983-05-01,Nyando,25.3776
1983-06-01,Nyando,26.0026
1983-07-01,Nyando,26.1263
1983-08-01,Nyando,28.9661
1983-09-01,Nyando,26.9067
1983-10-01,Nyando,25.5873
1983-11-01,Nyando,25.6602
1983-12-01,Nyando,26.4408
1984-01-01,Nyando,24.2496
1984-02-01,Nyando,25.602
1984-03-01,Nyando,23.5871
1984-04-01,Nyando,39.6934
1984-05-01,Nyando,44.0964
1984-06-01,Nyando,35.0975
1984-07-01,Nyando,33.6054
1984-08-01,Nyando,33.8149
1984-09-01,Nyando,30.8211
1984-10-01,Nyando,26.4292
1984-11-01,Nyando,24.3699
1984-12-01,Nyando,24.0883
1985-01-01,Nyando,23.5878
1985-02-01,Nyando,23.8397
1985-03-01,Nyando,26.1841
1985-04-01,Nyando,30.5613
1985-05-01,Nyando,31.1007
1985-06-01,Nyando,29.2968
1985-07-01,Nyando,30.023
1985-08-01,Nyando,27.7402
1985-09-01,Nyando,25.2915
1985-10-01,Nyando,24.9678
1985-11-01,Nyando,24.0441
1985-12-01,Nyando,23.6771
1986-01-01,Nyando,25.2191
1986-02-01,Nyando,27.1912
1986-03-01,Nyando,31.3892
1986-04-01,Nyando,43.1878
1986-05-01,Nyando,28.5194
1986-06-01,Nyando,26.934
1986-07-01,Nyando,24.792
1986-08-01,Nyando,26.1542
1986-09-01,Nyando,30.095
1986-10-01,Nyando,25.0819
1986-11-01,Nyando,26.7756
1986-12-01,Nyando,38.734
1987-01-01,Nyando,46.9427
1987-02-01,Nyando,30.2574
1987-03-01,Nyando,33.2664
1987-04-01,Nyando,57.3188
1987-05-01,Nyando,44.3516
1987-06-01,Nyando,41.3534
1987-07-01,Nyando,33.1911
1987-08-01,Nyando,26.4575
1987-09-01,Nyando,25.6025
1987-10-01,Nyando,25.6536
1987-11-01,Nyando,28.2353
1987-12-01,Nyando,38.536
1988-01-01,Nyando,39.9536
1988-02-01,Nyando,37.0771
1988-03-01,Nyando,37.2588
1988-04-01,Nyando,38.1684
1988-05-01,Nyando,37.2717
1988-06-01,Nyando,37.1642
1988-07-01,Nyando,29.6316
1988-08-01,Nyando,29.2056
1988-09-01,Nyando,33.0415
1988-10-01,Nyando,30.1809
1988-11-01,Nyando,39.2912
1988-12-01,Nyando,57.3736
1989-01-01,Nyando,35.7122
1989-02-01,Nyando,32.3103
1989-03-01,Nyando,30.2247
1989-04-01,Nyando,29.1321
1989-05-01,Nyando,28.115
1989-06-01,Nyando,26.9611
1989-07-01,Nyando,25.4074
1989-08-01,Nyando,24.607
1989-09-01,Nyando,25.3303
1989-10-01,Nyando,23.849
1989-11-01,Nyando,24.4511
1989-12-01,Nyando,29.1867
1990-01-01,Nyando,32.9136
1990-02-01,Nyando,39.1308
1990-03-01,Nyando,35.2581
1990-04-01,Nyando,39.3007
1990-05-01,Nyando,34.4783
1990-06-01,Nyando,27.4004
1990-07-01,Nyando,25.7354
1990-08-01,Nyando,24.7118
1990-09-01,Nyando,23.8464
1990-10-01,Nyando,24.1263
1990-11-01,Nyando,23.0332
1990-12-01,Nyando,25.6886
1991-01-01,Nyando,28.4272
1991-02-01,Nyando,35.3103
1991-03-01,Nyando,35.1267
1991-04-01,Nyando,41.989
1991-05-01,Nyando,43.1587
1991-06-01,Nyando,33.5006
1991-07-01,Nyando,27.6016
1991-08-01,Nyando,25.2891
1991-09-01,Nyando,26.5496
1991-10-01,Nyando,26.6191
1991-11-01,Nyando,24.2842
1991-12-01,Nyando,23.7099
1992-01-01,Nyando,33.1434
1992-02-01,Nyando,32.7655
1992-03-01,Nyando,29.4261
1992-04-01,Nyando,26.9293
1992-05-01,Nyando,24.4375
1992-06-01,Nyando,23.6901
1992-07-01,Nyando,42.1032
1992-08-01,Nyando,22.6619
1992-09-01,Nyando,26.0797
1992-10-01,Nyando,28.7366
1992-11-01,Nyando,44.4192
1992-12-01,Nyando,39.9817
1993-01-01,Nyando,55.4075
1993-02-01,Nyando,36.2888
1993-03-01,Nyando,27.0473
1993-04-01,Nyando,31.0175
1993-05-01,Nyando,28.7712
1993-06-01,Nyando,24.664
1993-07-01,Nyando,24.4646
1993-08-01,Nyando,26.8448
1993-09-01,Nyando,25.4034
1993-10-01,Nyando,31.1717
1993-11-01,Nyando,31.0103
1993-12-01,Nyando,35.709
1976-01-01,Nzoia,37.74887097
1976-02-01,Nzoia,27.49068966
1976-03-01,Nzoia,19.56790323
1976-04-01,Nzoia,38.20083333
1976-05-01,Nzoia,81.64048387
1976-06-01,Nzoia,133.6333333
1976-07-01,Nzoia,146.3620968
1976-08-01,Nzoia,225.8308065
1976-09-01,Nzoia,163.0315
1976-10-01,Nzoia,58.74403226
1976-11-01,Nzoia,37.024
1976-12-01,Nzoia,31.90548387
1977-01-01,Nzoia,28.01629032
1977-02-01,Nzoia,23.61928571
1977-03-01,Nzoia,18.07480769
1977-04-01,Nzoia,119.2131667
1977-05-01,Nzoia,317.7980645
1977-06-01,Nzoia,218.6754237
1977-07-01,Nzoia,220.1314754
1977-08-01,Nzoia,245.9796774
1977-09-01,Nzoia,196.7818966
1977-10-01,Nzoia,128.2808621
1977-11-01,Nzoia,321.8686441
1977-12-01,Nzoia,199.4485484
1978-01-01,Nzoia,102.2482456
1978-02-01,Nzoia,97.92314815
1978-03-01,Nzoia,210.0687097
1978-04-01,Nzoia,153.8874576
1978-05-01,Nzoia,287.0013333
1978-06-01,Nzoia,166.8045
1978-07-01,Nzoia,251.0508065
1978-08-01,Nzoia,208.5956452
1978-09-01,Nzoia,258.3423333
1978-10-01,Nzoia,182.1433871
1978-11-01,Nzoia,132.486
1978-12-01,Nzoia,123.0204839
1979-01-01,Nzoia,47.36080645
1979-02-01,Nzoia,110.4623214
1979-03-01,Nzoia,73.94129032
1979-04-01,Nzoia,111.7515
1979-05-01,Nzoia,139.3708065
1979-06-01,Nzoia,193.3193333
1979-07-01,Nzoia,141.8512903
1979-08-01,Nzoia,168.2082258
1979-09-01,Nzoia,81.84416667
1979-10-01,Nzoia,55.54983871
1979-11-01,Nzoia,39.48683333
1979-12-01,Nzoia,22.60596774
1980-01-01,Nzoia,15.91725806
1980-02-01,Nzoia,12.39224138
1980-03-01,Nzoia,13.7866129
1980-04-01,Nzoia,36.74465517
1980-05-01,Nzoia,133.9801613
1980-06-01,Nzoia,101.3943333
1980-07-01,Nzoia,114.1683871
1980-08-01,Nzoia,92.16193548
1980-09-01,Nzoia,91.25766667
1980-10-01,Nzoia,43.62935484
1980-11-01,Nzoia,42.28766667
1980-12-01,Nzoia,21.3295082
1981-01-01,Nzoia,14.73451613
1981-02-01,Nzoia,10.20767857
1981-03-01,Nzoia,53.31596774
1981-04-01,Nzoia,284.8685
1981-05-01,Nzoia,209.141129
1981-06-01,Nzoia,94.24883333
1981-07-01,Nzoia,133.653871
1981-08-01,Nzoia,265.965
1981-09-01,Nzoia,268.5415
1981-10-01,Nzoia,157.1245161
1981-11-01,Nzoia,95.58616667
1981-12-01,Nzoia,47.35129032
1982-01-01,Nzoia,33.49129032
1982-02-01,Nzoia,22.45892857
1982-03-01,Nzoia,12.81596774
1982-04-01,Nzoia,54.75383333
1982-05-01,Nzoia,202.5958065
1982-06-01,Nzoia,192.4806667
1982-07-01,Nzoia,121.8108065
1982-08-01,Nzoia,248.2622581
1982-09-01,Nzoia,142.3333333
1982-10-01,Nzoia,128.1941935
1982-11-01,Nzoia,252.484
1982-12-01,Nzoia,233.3564516
1983-01-01,Nzoia,86.66483871
1983-02-01,Nzoia,59.40053571
1983-03-01,Nzoia,35.41903226
1983-04-01,Nzoia,74.75233333
1983-05-01,Nzoia,147.0440323
1983-06-01,Nzoia,101.4441667
1983-07-01,Nzoia,106.1469355
1983-08-01,Nzoia,266.0125806
1983-09-01,Nzoia,257.024
1983-10-01,Nzoia,213.4654839
1983-11-01,Nzoia,192.57
1983-12-01,Nzoia,96.66870968
1984-01-01,Nzoia,38.5825
1984-02-01,Nzoia,33.9922
1984-03-01,Nzoia,24.3854
1984-04-01,Nzoia,20.6083
1984-05-01,Nzoia,18.3776
1984-06-01,Nzoia,26.0026
1984-07-01,Nzoia,26.1263
1984-08-01,Nzoia,28.9661
1984-09-01,Nzoia,46.9067
1984-10-01,Nzoia,30.5873
1984-11-01,Nzoia,25.6602
1984-12-01,Nzoia,26.4408
1985-01-01,Nzoia,21.2496
1985-02-01,Nzoia,25.602
1985-03-01,Nzoia,23.5871
1985-04-01,Nzoia,49.6934
1985-05-01,Nzoia,44.0964
1985-06-01,Nzoia,35.0975
1985-07-01,Nzoia,38.6054
1985-08-01,Nzoia,78.8149
1985-09-01,Nzoia,51.8211
1985-10-01,Nzoia,45.4292
1985-11-01,Nzoia,24.3699
1985-12-01,Nzoia,24.0883
1986-01-01,Nzoia,18.5878
1986-02-01,Nzoia,23.8397
1986-03-01,Nzoia,19.1841
1986-04-01,Nzoia,30.5613
1986-05-01,Nzoia,31.1007
1986-06-01,Nzoia,49.2968
1986-07-01,Nzoia,70.023
1986-08-01,Nzoia,76.7402
1986-09-01,Nzoia,69.2915
1986-10-01,Nzoia,24.9678
1986-11-01,Nzoia,24.0441
1986-12-01,Nzoia,23.6771
1987-01-01,Nzoia,25.2191
1987-02-01,Nzoia,27.1912
1987-03-01,Nzoia,31.3892
1987-04-01,Nzoia,43.1878
1987-05-01,Nzoia,37.5194
1987-06-01,Nzoia,70.934
1987-07-01,Nzoia,58.792
1987-08-01,Nzoia,46.1542
1987-09-01,Nzoia,30.095
1987-10-01,Nzoia,25.0819
1987-11-01,Nzoia,52.7756
1987-12-01,Nzoia,38.734
1988-01-01,Nzoia,36.9427
1988-02-01,Nzoia,21.2574
1988-03-01,Nzoia,33.2664
1988-04-01,Nzoia,57.3188
1988-05-01,Nzoia,65.3516
1988-06-01,Nzoia,41.3534
1988-07-01,Nzoia,69.1911
1988-08-01,Nzoia,86.4575
1988-09-01,Nzoia,25.6025
1988-10-01,Nzoia,25.6536
1988-11-01,Nzoia,28.2353
1988-12-01,Nzoia,38.536
1989-01-01,Nzoia,39.9536
1989-02-01,Nzoia,37.0771
1989-03-01,Nzoia,37.2588
1989-04-01,Nzoia,38.1684
1989-05-01,Nzoia,37.2717
1989-06-01,Nzoia,37.1642
1989-07-01,Nzoia,86.6316
1989-08-01,Nzoia,73.2056
1989-09-01,Nzoia,33.0415
1989-10-01,Nzoia,30.1809
1989-11-01,Nzoia,39.2912
1989-12-01,Nzoia,26.3736
2001-01-01,Rwizi,17.8047
2001-02-01,Rwizi,5.767
2001-03-01,Rwizi,6.8037
2001-04-01,Rwizi,19.8665
2001-05-01,Rwizi,11.6496
2001-06-01,Rwizi,4.0175
2001-07-01,Rwizi,2.6991
2001-08-01,Rwizi,3.0643
2001-09-01,Rwizi,7.3451
2001-10-01,Rwizi,31.1006
2001-11-01,Rwizi,54.2021
2001-12-01,Rwizi,29.4792
2002-01-01,Rwizi,11.1557
2002-02-01,Rwizi,5.4914
2002-03-01,Rwizi,8.0366
2002-04-01,Rwizi,9.2909
2002-05-01,Rwizi,42.1892
2002-06-01,Rwizi,5.9158
2002-07-01,Rwizi,3.0035
2002-08-01,Rwizi,2.1972
2002-09-01,Rwizi,2.5684
2002-10-01,Rwizi,5.7769
2002-11-01,Rwizi,9.2256
2002-12-01,Rwizi,30.821
2003-01-01,Rwizi,6.4647
2003-02-01,Rwizi,3.7009
2003-03-01,Rwizi,3.1173
2003-04-01,Rwizi,43.3075
2003-05-01,Rwizi,5.4707
2003-06-01,Rwizi,4.2119
2003-07-01,Rwizi,2.7183
2003-08-01,Rwizi,5.2547
2003-09-01,Rwizi,10.6707
2003-10-01,Rwizi,6.1605
2003-11-01,Rwizi,13.0242
2003-12-01,Rwizi,5.6134
2004-01-01,Rwizi,3.7543
2004-02-01,Rwizi,4.756
2004-03-01,Rwizi,8.4654
2004-04-01,Rwizi,11.027
2004-05-01,Rwizi,3.3579
2004-06-01,Rwizi,1.7755
2004-07-01,Rwizi,1.7626
2004-08-01,Rwizi,2.5325
2004-09-01,Rwizi,3.679
2004-10-01,Rwizi,6.6534
2004-11-01,Rwizi,13.7945
2004-12-01,Rwizi,9.0367
2005-01-01,Rwizi,3.107
2005-02-01,Rwizi,2.134
2005-03-01,Rwizi,2.741
2005-04-01,Rwizi,5.93
2005-05-01,Rwizi,9.4834
2005-06-01,Rwizi,12.0556
2005-07-01,Rwizi,1.8881
2005-08-01,Rwizi,2.9672
2005-09-01,Rwizi,15.904
2005-10-01,Rwizi,11.3938
2005-11-01,Rwizi,3.7632
2005-12-01,Rwizi,6.4309
2006-01-01,Rwizi,1.9882
2006-02-01,Rwizi,2.5878
2006-03-01,Rwizi,8.0515
2006-04-01,Rwizi,7.183
2006-05-01,Rwizi,3.3724
2006-06-01,Rwizi,1.9943
2006-07-01,Rwizi,2.3957
2006-08-01,Rwizi,2.4192
2006-09-01,Rwizi,2.3911
2006-10-01,Rwizi,9.0548
2006-11-01,Rwizi,21.9294
2007-01-01,Rwizi,8.7861823
2007-02-01,Rwizi,4.703883426
2007-03-01,Rwizi,3.709614541
2007-04-01,Rwizi,5.345399714
2007-05-01,Rwizi,5.367949759
2007-06-01,Rwizi,8.918444695
2007-07-01,Rwizi,3.219351992
2007-08-01,Rwizi,3.614915412
2007-09-01,Rwizi,18.42613553
2007-10-01,Rwizi,14.3595807
2007-11-01,Rwizi,30.080534
2007-12-01,Rwizi,21.7298517
2008-01-01,Rwizi,8.057637455
2008-02-01,Rwizi,5.267087369
2008-03-01,Rwizi,17.53957341
2008-04-01,Rwizi,19.87234318
2008-05-01,Rwizi,5.186925963
2008-06-01,Rwizi,4.86634345
2008-07-01,Rwizi,1.334962447
2008-08-01,Rwizi,3.387695573
2008-09-01,Rwizi,2.189768286
2008-10-01,Rwizi,1.53012122
2008-11-01,Rwizi,1.520571462
2008-12-01,Rwizi,1.829629993
2009-01-01,Rwizi,3.037967374
2009-02-01,Rwizi,7.101714162
2009-03-01,Rwizi,9.701246295
2009-04-01,Rwizi,14.60348167
2009-05-01,Rwizi,9.694132198
2009-06-01,Rwizi,21.678806
2009-07-01,Rwizi,30.34952889
2009-08-01,Rwizi,39.75587458
2009-09-01,Rwizi,7.621852836
2009-10-01,Rwizi,3.181877107
2009-11-01,Rwizi,1.850698913
2009-12-01,Rwizi,3.090583354
2010-01-01,Rwizi,7.152509767
2010-02-01,Rwizi,19.86136161
2010-03-01,Rwizi,11.85507807
2010-04-01,Rwizi,5.431547995
2010-05-01,Rwizi,3.197356527
2010-06-01,Rwizi,3.128849833
2010-07-01,Rwizi,4.497821851
2010-08-01,Rwizi,7.527634499
2010-09-01,Rwizi,4.190882339
2010-10-01,Rwizi,3.466889203
2010-11-01,Rwizi,3.669563331
2010-12-01,Rwizi,21.22520139
2003-01-01,Simiyu,10.548
2003-02-01,Simiyu,9.192
2003-03-01,Simiyu,7.89
2003-04-01,Simiyu,9.342
2003-05-01,Simiyu,25.368
2003-06-01,Simiyu,27.336
2003-07-01,Simiyu,21.18
2003-08-01,Simiyu,21.006
2003-09-01,Simiyu,17.088
2003-10-01,Simiyu,20.832
2003-11-01,Simiyu,9.402
2003-12-01,Simiyu,4.4334
2004-01-01,Simiyu,4.0626
2004-02-01,Simiyu,5.6904
2004-03-01,Simiyu,6.93
2004-04-01,Simiyu,15.63
2004-05-01,Simiyu,28.944
2004-06-01,Simiyu,14.754
2004-07-01,Simiyu,6.096
2004-08-01,Simiyu,1.8384
2004-09-01,Simiyu,2.139
2004-10-01,Simiyu,5.1654
2004-11-01,Simiyu,3.6066
2004-12-01,Simiyu,5.3424
2005-01-01,Simiyu,5.9508
2005-02-01,Simiyu,5.424
2005-03-01,Simiyu,14.25
2005-04-01,Simiyu,6.336
2005-05-01,Simiyu,14.22
2005-06-01,Simiyu,15.96
2005-07-01,Simiyu,13.776
2005-08-01,Simiyu,17.16
2005-09-01,Simiyu,14.1
2005-10-01,Simiyu,15.618
2005-11-01,Simiyu,8.472
2005-12-01,Simiyu,3.4812
2006-01-01,Simiyu,1.0554
2006-02-01,Simiyu,1.326
2006-03-01,Simiyu,13.926
2006-04-01,Simiyu,14.184
2006-05-01,Simiyu,17.466
2006-06-01,Simiyu,14.238
2006-07-01,Simiyu,6.726
2006-08-01,Simiyu,10.644
2006-09-01,Simiyu,5.4678
2006-10-01,Simiyu,2.5638
2006-11-01,Simiyu,18.942
2006-12-01,Simiyu,11.226
2007-01-01,Simiyu,14.706
2007-02-01,Simiyu,16.614
2007-03-01,Simiyu,15.054
2007-04-01,Simiyu,14.7
2007-05-01,Simiyu,18.264
2007-06-01,Simiyu,20.43
2007-07-01,Simiyu,20.586
2007-08-01,Simiyu,20.37
2007-09-01,Simiyu,28.434
2007-10-01,Simiyu,22.11
2007-11-01,Simiyu,10.152
2007-12-01,Simiyu,5.1732
2008-01-01,Simiyu,2.0178
2008-02-01,Simiyu,2.298
2008-03-01,Simiyu,2.4456
2008-04-01,Simiyu,5.5944
2008-05-01,Simiyu,6.354
2008-06-01,Simiyu,9.978
2008-07-01,Simiyu,6.378
2008-08-01,Simiyu,6.39
2008-09-01,Simiyu,12.372
2008-10-01,Simiyu,15.084
2008-11-01,Simiyu,17.28
2008-12-01,Simiyu,11.01
2009-01-01,Simiyu,4.9338
2009-02-01,Simiyu,2.4408
2009-03-01,Simiyu,0.7842
2009-04-01,Simiyu,4.092
2009-05-01,Simiyu,15.342
2009-06-01,Simiyu,13.344
2009-07-01,Simiyu,8.406
2009-08-01,Simiyu,4.2966
2009-09-01,Simiyu,0.38382
2009-10-01,Simiyu,2.3136
2009-11-01,Simiyu,1.6644
2009-12-01,Simiyu,11.604
2010-01-01,Simiyu,16.38
2010-02-01,Simiyu,15.384
2010-03-01,Simiyu,21.39
2010-04-01,Simiyu,27.414
2010-05-01,Simiyu,32.976
2010-06-01,Simiyu,24.57
2010-07-01,Simiyu,16.248
2010-08-01,Simiyu,17.55
2010-09-01,Simiyu,23.832
2010-10-01,Simiyu,15.27
2010-11-01,Simiyu,10.62
2010-12-01,Simiyu,4.5582
2011-01-01,Simiyu,1.4094
2011-02-01,Simiyu,0.8028
2011-03-01,Simiyu,6.828
2011-04-01,Simiyu,6.96
2011-05-01,Simiyu,22.494
2011-06-01,Simiyu,13.212
2011-07-01,Simiyu,17.136
2011-08-01,Simiyu,28.908
2011-09-01,Simiyu,29.04
2011-10-01,Simiyu,25.818
2011-11-01,Simiyu,20.4
2011-12-01,Simiyu,15.972
2012-01-01,Simiyu,8.784
2012-02-01,Simiyu,2.7102
2012-03-01,Simiyu,5.0094
2012-04-01,Simiyu,9.36
2012-05-01,Simiyu,33.288
2012-06-01,Simiyu,27.33
2012-07-01,Simiyu,19.098
2012-08-01,Simiyu,19.704
2012-09-01,Simiyu,24.714
2012-10-01,Simiyu,17.646
2012-11-01,Simiyu,15.948
2012-12-01,Simiyu,12.126
2013-01-01,Simiyu,5.5824
2013-02-01,Simiyu,5.5566
2013-03-01,Simiyu,6.51
2013-04-01,Simiyu,18.282
2013-05-01,Simiyu,32.094
2013-06-01,Simiyu,24.408
2013-07-01,Simiyu,20.604
2013-08-01,Simiyu,21.03
2013-09-01,Simiyu,18.108
2013-10-01,Simiyu,17.676
2013-11-01,Simiyu,10.878
2013-12-01,Simiyu,5.9928
2014-01-01,Simiyu,6.3336
2014-02-01,Simiyu,6.44
2014-03-01,Simiyu,11.9616
2014-04-01,Simiyu,8.204
2014-05-01,Simiyu,11.1608
2014-06-01,Simiyu,8.4
2014-07-01,Simiyu,11.1328
2014-08-01,Simiyu,11.3904
2014-09-01,Simiyu,17.024
2014-10-01,Simiyu,11.0992
2014-11-01,Simiyu,4.4968
2014-12-01,Simiyu,8.4112
2015-01-01,Simiyu,3.19368
2015-02-01,Simiyu,1.0836
2015-03-01,Simiyu,4.41168
2015-04-01,Simiyu,5.33624
2015-05-01,Simiyu,20.0032
2015-06-01,Simiyu,14.1568
2015-07-01,Simiyu,9.9512
2015-08-01,Simiyu,5.5104
2015-09-01,Simiyu,1.36304
2015-10-01,Simiyu,1.39104
2015-11-01,Simiyu,13.188
2015-12-01,Simiyu,8.6632
2016-01-01,Simiyu,7.3136
2016-02-01,Simiyu,6.8712
2016-03-01,Simiyu,9.128
2016-04-01,Simiyu,10.472
2016-05-01,Simiyu,30.8616
2016-06-01,Simiyu,26.544
2016-07-01,Simiyu,16.6656
2016-08-01,Simiyu,11.5136
2016-09-01,Simiyu,8.2656
2016-10-01,Simiyu,10.1024
2016-11-01,Simiyu,5.59104
2016-12-01,Simiyu,4.49232
2017-01-01,Simiyu,1.61392
2017-02-01,Simiyu,2.48696
2017-03-01,Simiyu,2.7048
2017-04-01,Simiyu,5.39336
2017-05-01,Simiyu,12.1184
2017-06-01,Simiyu,5.6784
2017-07-01,Simiyu,10.7856
2017-08-01,Simiyu,20.5856
2017-09-01,Simiyu,23.2456
2017-10-01,Simiyu,20.1432
2017-11-01,Simiyu,17.3488
2017-12-01,Simiyu,11.0824
2018-01-01,Simiyu,4.26048
2018-02-01,Simiyu,2.33856
2018-03-01,Simiyu,10.8192
2018-04-01,Simiyu,27.5352
2018-05-01,Simiyu,51.2288
2018-06-01,Simiyu,58.744
2018-07-01,Simiyu,34.748
2018-08-01,Simiyu,21.5712
2018-09-01,Simiyu,20.4232
2018-10-01,Simiyu,8.7752
2018-11-01,Simiyu,2.0216
2018-12-01,Simiyu,5.01648
2019-01-01,Simiyu,3.7016
2019-02-01,Simiyu,3.29896
2019-03-01,Simiyu,2.52448
2019-04-01,Simiyu,4.39488
2019-05-01,Simiyu,15.3888
2019-06-01,Simiyu,15.736
2019-07-01,Simiyu,15.8592
2019-08-01,Simiyu,14.252
2019-09-01,Simiyu,19.9192
2019-10-01,Simiyu,19.9752
2019-11-01,Simiyu,18.648
2019-12-01,Simiyu,21.9688
2020-01-01,Simiyu,16.3632
2020-02-01,Simiyu,13.7592
2020-03-01,Simiyu,19.2808
2020-04-01,Simiyu,24.5336
2020-05-01,Simiyu,39.116
2020-06-01,Simiyu,31.2256
2020-07-01,Simiyu,30.3688
2020-08-01,Simiyu,20.6808
2020-09-01,Simiyu,22.8984
2020-10-01,Simiyu,12.264
2020-11-01,Simiyu,19.6224
2020-12-01,Simiyu,12.0624
2002-01-01,Sio_Malaba,3.661468178
2002-02-01,Sio_Malaba,1.522365321
2002-03-01,Sio_Malaba,5.375252815
2002-04-01,Sio_Malaba,11.14119626
2002-05-01,Sio_Malaba,27.24474756
2002-06-01,Sio_Malaba,13.66696542
2002-07-01,Sio_Malaba,5.505119745
2002-08-01,Sio_Malaba,5.176140959
2002-09-01,Sio_Malaba,3.120818062
2002-10-01,Sio_Malaba,7.33507588
2002-11-01,Sio_Malaba,13.48409243
2002-12-01,Sio_Malaba,10.9881955
2003-01-01,Sio_Malaba,11.20274349
2003-02-01,Sio_Malaba,2.956142501
2003-03-01,Sio_Malaba,2.456689426
2003-04-01,Sio_Malaba,11.93916484
2003-05-01,Sio_Malaba,27.72068652
2003-06-01,Sio_Malaba,24.72910778
2003-07-01,Sio_Malaba,23.62431793
2003-08-01,Sio_Malaba,14.26936121
2003-09-01,Sio_Malaba,12.10045365
2003-10-01,Sio_Malaba,6.889329116
2003-11-01,Sio_Malaba,7.890617971
2003-12-01,Sio_Malaba,6.009852345
2004-01-01,Sio_Malaba,4.035216241
2004-02-01,Sio_Malaba,2.010762915
2004-03-01,Sio_Malaba,2.10896932
2004-04-01,Sio_Malaba,15.47210278
2004-05-01,Sio_Malaba,16.00536823
2004-06-01,Sio_Malaba,9.254900644
2004-07-01,Sio_Malaba,5.115363274
2004-08-01,Sio_Malaba,7.280862631
2004-09-01,Sio_Malaba,11.77887224
2004-10-01,Sio_Malaba,11.23922371
2004-11-01,Sio_Malaba,22.54818854
2004-12-01,Sio_Malaba,8.847430771
2005-01-01,Sio_Malaba,3.264655581
2005-02-01,Sio_Malaba,1.83164443
2005-03-01,Sio_Malaba,6.276243294
2005-04-01,Sio_Malaba,12.93492601
2005-05-01,Sio_Malaba,27.13687347
2005-06-01,Sio_Malaba,24.20094325
2005-07-01,Sio_Malaba,12.7794985
2005-08-01,Sio_Malaba,14.81811633
2005-09-01,Sio_Malaba,11.51812263
2005-10-01,Sio_Malaba,10.2935644
2005-11-01,Sio_Malaba,13.64881419
2005-12-01,Sio_Malaba,5.88605182
2006-01-01,Sio_Malaba,1.666191298
2006-02-01,Sio_Malaba,1.788910434
2006-03-01,Sio_Malaba,4.924193972
2006-04-01,Sio_Malaba,20.03807095
2006-05-01,Sio_Malaba,26.42134477
2006-06-01,Sio_Malaba,23.20950062
2006-07-01,Sio_Malaba,11.24945529
2006-08-01,Sio_Malaba,7.274675561
2006-09-01,Sio_Malaba,8.109913707
2006-10-01,Sio_Malaba,12.50211122
2006-11-01,Sio_Malaba,18.116537
2006-12-01,Sio_Malaba,27.80484124
2007-01-01,Sio_Malaba,15.71138801
2007-02-01,Sio_Malaba,9.838843686
2007-03-01,Sio_Malaba,6.341622231
2007-04-01,Sio_Malaba,10.22983812
2007-05-01,Sio_Malaba,19.76811393
2007-06-01,Sio_Malaba,21.6767602
2007-07-01,Sio_Malaba,11.5763526
2007-08-01,Sio_Malaba,13.7036554
2007-09-01,Sio_Malaba,16.2275177
2007-10-01,Sio_Malaba,16.86442406
2007-11-01,Sio_Malaba,14.02239671
2007-12-01,Sio_Malaba,4.350809605
2008-01-01,Sio_Malaba,2.186323815
2008-02-01,Sio_Malaba,2.211314352
2008-03-01,Sio_Malaba,4.840330966
2008-04-01,Sio_Malaba,16.9938152
2008-05-01,Sio_Malaba,18.80646515
2008-06-01,Sio_Malaba,23.79136327
2008-07-01,Sio_Malaba,10.51665179
2008-08-01,Sio_Malaba,11.66548251
2008-09-01,Sio_Malaba,18.69055862
2008-10-01,Sio_Malaba,22.91117734
2008-11-01,Sio_Malaba,24.45327925
2008-12-01,Sio_Malaba,7.859600761
2009-01-01,Sio_Malaba,3.638684584
2009-02-01,Sio_Malaba,2.483033229
2009-03-01,Sio_Malaba,1.812275491
2009-04-01,Sio_Malaba,16.22148298
2009-05-01,Sio_Malaba,23.98234944
2009-06-01,Sio_Malaba,15.46090461
2009-07-01,Sio_Malaba,6.464161779
2009-08-01,Sio_Malaba,7.097126359
2009-09-01,Sio_Malaba,7.114436381
2009-10-01,Sio_Malaba,9.414252306
2009-11-01,Sio_Malaba,10.0512399
2009-12-01,Sio_Malaba,9.40925053
2010-01-01,Sio_Malaba,10.11518698
2010-02-01,Sio_Malaba,4.215402922
2010-03-01,Sio_Malaba,16.63080095
2010-04-01,Sio_Malaba,20.03979959
2010-05-01,Sio_Malaba,28.87389613
2010-06-01,Sio_Malaba,20.628393
2010-07-01,Sio_Malaba,10.60163795
2010-08-01,Sio_Malaba,6.862673468
2010-09-01,Sio_Malaba,9.545028315
2010-10-01,Sio_Malaba,14.7740965
2010-11-01,Sio_Malaba,13.46988583
2010-12-01,Sio_Malaba,4.743829406
2011-01-01,Sio_Malaba,2.111828076
2011-02-01,Sio_Malaba,1.601409804
2011-03-01,Sio_Malaba,4.034984747
2011-04-01,Sio_Malaba,8.215482392
2011-05-01,Sio_Malaba,20.52875878
2011-06-01,Sio_Malaba,12.74456878
2011-07-01,Sio_Malaba,6.150998862
2011-08-01,Sio_Malaba,11.25626771
2011-09-01,Sio_Malaba,18.30836492
2011-10-01,Sio_Malaba,15.41441021
2011-11-01,Sio_Malaba,28.22034593
2011-12-01,Sio_Malaba,21.04858725
2012-01-01,Sio_Malaba,5.077
2012-02-01,Sio_Malaba,2.0079
2012-03-01,Sio_Malaba,1.531
2012-04-01,Sio_Malaba,12.8036
2012-05-01,Sio_Malaba,26.3849
2012-06-01,Sio_Malaba,22.8644
2012-07-01,Sio_Malaba,17.2291
2012-08-01,Sio_Malaba,12.4346
2012-09-01,Sio_Malaba,16.0141
2012-10-01,Sio_Malaba,17.4477
2012-11-01,Sio_Malaba,20.8487
2012-12-01,Sio_Malaba,19.2379
2013-01-01,Sio_Malaba,14.8389
2013-02-01,Sio_Malaba,4.4244
2013-03-01,Sio_Malaba,5.6294
2013-04-01,Sio_Malaba,28.803
2013-05-01,Sio_Malaba,29.1099
2013-06-01,Sio_Malaba,17.65
2013-07-01,Sio_Malaba,7.0216
2013-08-01,Sio_Malaba,7.4076
2013-09-01,Sio_Malaba,7.1667
2013-10-01,Sio_Malaba,9.6495
2013-11-01,Sio_Malaba,16.5567
2013-12-01,Sio_Malaba,8.6882
2014-01-01,Sio_Malaba,5.1263
2014-02-01,Sio_Malaba,2.1484
2014-03-01,Sio_Malaba,5.2458
2014-04-01,Sio_Malaba,17.2883
2014-05-01,Sio_Malaba,24.1664
2014-06-01,Sio_Malaba,18.3542
2014-07-01,Sio_Malaba,8.2805
2014-08-01,Sio_Malaba,11.5771
2014-09-01,Sio_Malaba,17.8283
2014-10-01,Sio_Malaba,20.3917
2014-11-01,Sio_Malaba,18.8576
2014-12-01,Sio_Malaba,14.0116
2015-01-01,Sio_Malaba,2.697
2015-02-01,Sio_Malaba,1.4845
2015-03-01,Sio_Malaba,1.4287
2015-04-01,Sio_Malaba,16.6981
2015-05-01,Sio_Malaba,27.8639
2015-06-01,Sio_Malaba,26.3193
2015-07-01,Sio_Malaba,15.3069
2015-08-01,Sio_Malaba,8.7326
2015-09-01,Sio_Malaba,9.4658
2015-10-01,Sio_Malaba,11.8645
2015-11-01,Sio_Malaba,26.312
2015-12-01,Sio_Malaba,23.6785
2016-01-01,Sio_Malaba,12.0411
2016-02-01,Sio_Malaba,4.5465
2016-03-01,Sio_Malaba,2.1378
2016-04-01,Sio_Malaba,17.4688
2016-05-01,Sio_Malaba,23.2654
2016-06-01,Sio_Malaba,10.1946
2016-07-01,Sio_Malaba,4.3547
2016-08-01,Sio_Malaba,5.6228
2016-09-01,Sio_Malaba,5.1081
2016-10-01,Sio_Malaba,6.7635
2016-11-01,Sio_Malaba,7.0939
2016-12-01,Sio_Malaba,2.2645
2017-01-01,Sio_Malaba,0.8526
2017-02-01,Sio_Malaba,2.1395
2017-03-01,Sio_Malaba,3.4648
2017-04-01,Sio_Malaba,5.2068
2017-05-01,Sio_Malaba,17.3784
2017-06-01,Sio_Malaba,8.1386
2017-07-01,Sio_Malaba,4.1679
2017-08-01,Sio_Malaba,5.228
2017-09-01,Sio_Malaba,9.5381
2017-10-01,Sio_Malaba,6.8293
2017-11-01,Sio_Malaba,12.0734
2017-12-01,Sio_Malaba,3.5742
2018-01-01,Sio_Malaba,1.4454
2018-02-01,Sio_Malaba,1.061
2018-03-01,Sio_Malaba,10.6242
2018-04-01,Sio_Malaba,23.7204
2018-05-01,Sio_Malaba,25.7714
2018-06-01,Sio_Malaba,21.0467
2018-07-01,Sio_Malaba,12.8722
2018-08-01,Sio_Malaba,5.299
2018-09-01,Sio_Malaba,7.4314
2018-10-01,Sio_Malaba,4.9958
2018-11-01,Sio_Malaba,4.9685
2018-12-01,Sio_Malaba,5.0422
2003-01-01,Sondu,25.2459792
2003-02-01,Sondu,10.4955552
2003-03-01,Sondu,16.532568
2003-04-01,Sondu,40.766544
2003-05-01,Sondu,42.548688
2003-06-01,Sondu,27.9987552
2003-07-01,Sondu,27.2063376
2003-08-01,Sondu,26.3248128
2003-09-01,Sondu,31.1429664
2003-10-01,Sondu,21.9681072
2003-11-01,Sondu,18.6424992
2003-12-01,Sondu,35.929296
2004-01-01,Sondu,25.8379056
2004-02-01,Sondu,14.0630256
2004-03-01,Sondu,20.3769072
2004-04-01,Sondu,56.869488
2004-05-01,Sondu,32.30136
2004-06-01,Sondu,17.7705216
2004-07-01,Sondu,11.4311808
2004-08-01,Sondu,18.760248
2004-09-01,Sondu,26.9740224
2004-10-01,Sondu,22.6077696
2004-11-01,Sondu,31.7794464
2004-12-01,Sondu,34.306272
2005-01-01,Sondu,21.3029856
2005-02-01,Sondu,17.0449344
2005-03-01,Sondu,27.1013184
2005-04-01,Sondu,31.919472
2005-05-01,Sondu,55.437408
2005-06-01,Sondu,34.465392
2005-07-01,Sondu,20.5232976
2005-08-01,Sondu,19.842264
2005-09-01,Sondu,11.8767168
2005-10-01,Sondu,9.4962816
2005-11-01,Sondu,14.1107616
2005-12-01,Sondu,7.605936
2006-01-01,Sondu,9.2576016
2006-02-01,Sondu,4.4267184
2006-03-01,Sondu,26.207064
2006-04-01,Sondu,46.494864
2006-05-01,Sondu,56.4876
2006-06-01,Sondu,36.565776
2006-07-01,Sondu,24.4822032
2006-08-01,Sondu,15.8419872
2006-09-01,Sondu,16.2493344
2006-10-01,Sondu,16.5134736
2006-11-01,Sondu,70.553808
2006-12-01,Sondu,75.359232
2007-01-01,Sondu,55.21464
2007-02-01,Sondu,39.366288
2007-03-01,Sondu,44.680896
2007-04-01,Sondu,36.183888
2007-05-01,Sondu,40.193712
2007-06-01,Sondu,32.555952
2007-07-01,Sondu,27.5468544
2007-08-01,Sondu,27.2668032
2007-09-01,Sondu,27.7250688
2007-10-01,Sondu,20.04912
2007-11-01,Sondu,17.996472
2007-12-01,Sondu,20.574216
2008-01-01,Sondu,8.337888
2008-02-01,Sondu,8.5638384
2008-03-01,Sondu,24.870456
2008-04-01,Sondu,39.30264
2008-05-01,Sondu,31.0856832
2008-06-01,Sondu,29.5549488
2008-07-01,Sondu,25.8188112
2008-08-01,Sondu,24.7940784
2008-09-01,Sondu,19.428552
2008-10-01,Sondu,28.7338896
2008-11-01,Sondu,35.292816
2008-12-01,Sondu,17.901
2009-01-01,Sondu,16.7044176
2009-02-01,Sondu,13.3628976
2009-03-01,Sondu,10.2250512
2009-04-01,Sondu,32.93784
2009-05-01,Sondu,37.043136
2009-06-01,Sondu,17.9551008
2009-07-01,Sondu,11.2084128
2009-08-01,Sondu,13.6715904
2009-09-01,Sondu,24.8099904
2009-10-01,Sondu,15.3582624
2009-11-01,Sondu,21.5321184
2009-12-01,Sondu,43.185168
2010-01-01,Sondu,67.8096
2010-02-01,Sondu,47.1546
2010-03-01,Sondu,74.358
2010-04-01,Sondu,90.0252
2010-05-01,Sondu,137.5776
2010-06-01,Sondu,83.538
2010-07-01,Sondu,58.5072
2010-08-01,Sondu,51.69564
2010-09-01,Sondu,54.47412
2010-10-01,Sondu,47.7054
2010-11-01,Sondu,48.62952
2010-12-01,Sondu,63.4644
2011-01-01,Sondu,43.20108
2011-02-01,Sondu,25.34292
2011-03-01,Sondu,33.1398
2011-04-01,Sondu,36.15084
2011-05-01,Sondu,67.932
2011-06-01,Sondu,40.53276
2011-07-01,Sondu,37.80324
2011-08-01,Sondu,80.2332
2011-09-01,Sondu,55.23912
2011-10-01,Sondu,52.71156
2011-11-01,Sondu,108.5688
2011-12-01,Sondu,98.4096
2012-01-01,Sondu,38.12148
2012-02-01,Sondu,19.22904
2012-03-01,Sondu,39.474
2012-04-01,Sondu,135.3132
2012-05-01,Sondu,105.3864
2012-06-01,Sondu,104.652
2012-07-01,Sondu,91.3104
2012-08-01,Sondu,69.5232
2012-09-01,Sondu,100.4292
2012-10-01,Sondu,63.8316
2012-11-01,Sondu,116.7084
2012-12-01,Sondu,120.3804
2013-01-01,Sondu,73.134
2013-02-01,Sondu,56.10204
2013-03-01,Sondu,72.5832
2013-04-01,Sondu,170.9316
2013-05-01,Sondu,93.0852
2013-06-01,Sondu,69.156
2013-07-01,Sondu,57.71772
2013-08-01,Sondu,42.69312
2013-09-01,Sondu,49.91472
2013-10-01,Sondu,52.479
2013-11-01,Sondu,75.7656
2013-12-01,Sondu,74.4192
2014-01-01,Sondu,47.63196
2014-02-01,Sondu,39.3822
2014-03-01,Sondu,57.18528
2014-04-01,Sondu,61.9956
2014-05-01,Sondu,66.402
2014-06-01,Sondu,83.1096
2014-07-01,Sondu,50.89392
2014-08-01,Sondu,78.7032
2014-09-01,Sondu,60.18408
2014-10-01,Sondu,52.68096
2014-11-01,Sondu,60.71652
2014-12-01,Sondu,69.8292
2015-01-01,Sondu,15.92032
2015-02-01,Sondu,8.27344
2015-03-01,Sondu,11.6056
2015-04-01,Sondu,69.6336
2015-05-01,Sondu,63.4392
2015-06-01,Sondu,55.1444
2015-07-01,Sondu,33.08308
2015-08-01,Sondu,19.39844
2015-09-01,Sondu,29.55868
2015-10-01,Sondu,32.7164
2015-11-01,Sondu,59.8792
2015-12-01,Sondu,70.3456
2016-01-01,Sondu,40.762
2016-02-01,Sondu,22.56684
2016-03-01,Sondu,28.5334
2016-04-01,Sondu,93.7704
2016-05-01,Sondu,77.1096
2016-06-01,Sondu,34.6566
2016-07-01,Sondu,29.57648
2016-08-01,Sondu,23.3714
2016-09-01,Sondu,16.53264
2016-10-01,Sondu,18.48708
2016-11-01,Sondu,27.96736
2016-12-01,Sondu,18.02784
2017-01-01,Sondu,7.7074
2017-02-01,Sondu,18.37316
2017-03-01,Sondu,20.8616
2017-04-01,Sondu,35.8492
2017-05-01,Sondu,58.6332
2017-06-01,Sondu,33.67048
2017-07-01,Sondu,43.3608
2017-08-01,Sondu,32.77336
2017-09-01,Sondu,35.37216
2017-10-01,Sondu,31.7552
2017-11-01,Sondu,43.432
2017-12-01,Sondu,32.31412
2018-01-01,Sondu,17.15208
2018-02-01,Sondu,7.57568
2018-03-01,Sondu,45.4612
2018-04-01,Sondu,87.0064
2018-05-01,Sondu,77.8572
2018-06-01,Sondu,56.4972
2018-07-01,Sondu,43.076
2018-08-01,Sondu,28.65088
2018-09-01,Sondu,23.5138
2018-10-01,Sondu,39.9432
2018-11-01,Sondu,40.3704
2018-12-01,Sondu,51.6556
2019-01-01,Sondu,20.71564
2019-02-01,Sondu,14.21152
2019-03-01,Sondu,20.74768
2019-04-01,Sondu,31.72672
2019-05-01,Sondu,38.5192
2019-06-01,Sondu,42.6132
2019-07-01,Sondu,44.9628
2019-08-01,Sondu,25.05528
2019-09-01,Sondu,27.9816
2019-10-01,Sondu,62.834
2019-11-01,Sondu,70.1676
2019-12-01,Sondu,112.2468
2020-01-01,Sondu,62.2644
2020-02-01,Sondu,47.2768
2020-03-01,Sondu,85.796
2020-04-01,Sondu,82.0224
2020-05-01,Sondu,70.2032
2020-06-01,Sondu,56.2124
2020-07-01,Sondu,52.6168
2020-08-01,Sondu,35.9916
2020-09-01,Sondu,44.9272
2020-10-01,Sondu,64.3648
2020-11-01,Sondu,143.8952
2020-12-01,Sondu,68.3876
2021-01-01,Sondu,44.3932
2021-02-01,Sondu,37.914
2021-03-01,Sondu,32.02576
2021-04-01,Sondu,96.3692
2021-05-01,Sondu,90.1392
2021-06-01,Sondu,45.2476
2021-07-01,Sondu,35.7424
2021-08-01,Sondu,34.532
2021-09-01,Sondu,40.05
2021-10-01,Sondu,34.21516
2021-11-01,Sondu,36.3832
2021-12-01,Sondu,26.7356
2022-01-01,Sondu,40.1568
2022-02-01,Sondu,62.6916
2022-03-01,Sondu,51.5844
2022-04-01,Sondu,61.3744
2022-05-01,Sondu,67.284
2022-06-01,Sondu,48.8432
2022-07-01,Sondu,30.35612
2022-08-01,Sondu,58.74
2022-09-01,Sondu,41.2604
2022-10-01,Sondu,31.3814
2022-11-01,Sondu,52.6524
2022-12-01,Sondu,100.1428
2023-01-01,Sondu,36.9528
2023-02-01,Sondu,17.6932
2023-03-01,Sondu,52.0828
2023-04-01,Sondu,83.4108
2023-05-01,Sondu,65.86
2023-06-01,Sondu,58.1704
2023-07-01,Sondu,41.9368
2023-08-01,Sondu,33.20768
2023-09-01,Sondu,52.4744
2023-10-01,Sondu,43.8592
2023-11-01,Sondu,81.9156
2023-12-01,Sondu,57.9568
1971-01-01,Yala,70.875
1971-02-01,Yala,66.72785714
1971-03-01,Yala,63.59774194
1971-04-01,Yala,77.014
1971-05-01,Yala,88.42193548
1971-06-01,Yala,84.15433333
1971-07-01,Yala,85.01967742
1971-08-01,Yala,97.30183333
1971-09-01,Yala,102.2384091
1971-10-01,Yala,91.9609
1971-11-01,Yala,176.2427
1971-12-01,Yala,158.7853
1972-01-01,Yala,168.2871
1972-02-01,Yala,140.0216
1972-03-01,Yala,65.28
1972-04-01,Yala,67.8428
1972-05-01,Yala,85.6742
1972-06-01,Yala,200.3682
1972-07-01,Yala,198.5677
1972-08-01,Yala,88.5944
1972-09-01,Yala,83.6293
1972-10-01,Yala,180.6545
1972-11-01,Yala,250.877
1972-12-01,Yala,320.5419
1973-01-01,Yala,80.589
1973-02-01,Yala,76.6609
1973-03-01,Yala,70.3685
1973-04-01,Yala,73.3013
1973-05-01,Yala,82.4616
1973-06-01,Yala,140.4323
1973-07-01,Yala,77.8111
1973-08-01,Yala,91.2056
1973-09-01,Yala,85.8295
1973-10-01,Yala,85.82951613
1973-11-01,Yala,87.40633333
1973-12-01,Yala,73.50435484
1974-01-01,Yala,69.63193548
1974-02-01,Yala,65.14214286
1974-03-01,Yala,69.86064516
1974-04-01,Yala,150.9081
1974-05-01,Yala,182.803
1974-06-01,Yala,168.445
1974-07-01,Yala,83.0815
1974-08-01,Yala,93.585
1974-09-01,Yala,134.699
1974-10-01,Yala,76.45
1974-11-01,Yala,70.8203
1974-12-01,Yala,67.5068
1975-01-01,Yala,65.5793
1975-02-01,Yala,68.1703
1975-03-01,Yala,80.7337
1975-04-01,Yala,77.95
1975-05-01,Yala,140.9397
1975-06-01,Yala,162.4487
1975-07-01,Yala,98.8863
1975-08-01,Yala,108.3867
1975-09-01,Yala,103.3091
1975-10-01,Yala,170.741
1975-11-01,Yala,181.074
1975-12-01,Yala,71.7059
1976-01-01,Yala,68.633
1976-02-01,Yala,66.3645
1976-03-01,Yala,130.2016
1976-04-01,Yala,140.6366
1976-05-01,Yala,180.6792
1976-06-01,Yala,83.3807
1976-07-01,Yala,126.2384
1976-08-01,Yala,92.1872
1976-09-01,Yala,78.3964
1976-10-01,Yala,74.3692
1976-11-01,Yala,72.1467
1976-12-01,Yala,128.832
1977-01-01,Yala,158.6546
1977-02-01,Yala,69.1733
1977-03-01,Yala,154.945
1977-04-01,Yala,210.012
1977-05-01,Yala,89.5268
1977-06-01,Yala,110.977
1977-07-01,Yala,96.7618
1977-08-01,Yala,70.0996
1977-09-01,Yala,74.5527
1977-10-01,Yala,101.8358
1977-11-01,Yala,88.2787
1977-12-01,Yala,175.24
1978-01-01,Yala,80.0425
1978-02-01,Yala,118.2712
1978-03-01,Yala,240.6756
1978-04-01,Yala,196.3619
1978-05-01,Yala,96.4024
1978-06-01,Yala,95.8846
1978-07-01,Yala,99.6788
1978-08-01,Yala,90.3321
1978-09-01,Yala,91.776
1978-10-01,Yala,100.8593
1978-11-01,Yala,189.1683
1978-12-01,Yala,175.6988
1979-01-01,Yala,88.7237
1979-02-01,Yala,83.4356
1979-03-01,Yala,84.0387
1979-04-01,Yala,144.1738
1979-05-01,Yala,91.956
1979-06-01,Yala,91.0963
1979-07-01,Yala,103.647
1979-08-01,Yala,89.2032
1979-09-01,Yala,80.0415
1979-10-01,Yala,76.3956
1979-11-01,Yala,105.0508
1979-12-01,Yala,99.8578
1980-01-01,Yala,67.8215
1980-02-01,Yala,67.453
1980-03-01,Yala,77.65
1980-04-01,Yala,86.5116
1980-05-01,Yala,80.045
1980-06-01,Yala,105.1789
1980-07-01,Yala,85.614
1980-08-01,Yala,77.1642
1980-09-01,Yala,44.2419
1980-10-01,Yala,73.87
1980-11-01,Yala,130.4788
1980-12-01,Yala,65.0923
1981-01-01,Yala,65.0468
1981-02-01,Yala,50.3665
1981-03-01,Yala,97.1146
1981-04-01,Yala,89.1464
1981-05-01,Yala,79.594
1981-06-01,Yala,87.3444
1981-07-01,Yala,96.8536
1981-08-01,Yala,96.4081
1981-09-01,Yala,118.85
1981-10-01,Yala,120.2828
1981-11-01,Yala,127.08
1981-12-01,Yala,97.4736
1982-01-01,Yala,67.7492
1982-02-01,Yala,64.58
1982-03-01,Yala,72.9261
1982-04-01,Yala,89.8092
1982-05-01,Yala,140.7435
1982-06-01,Yala,142.7712
1982-07-01,Yala,92.325
1982-08-01,Yala,85.6973
1982-09-01,Yala,83.4288
1982-10-01,Yala,100.5343
1982-11-01,Yala,200.3158
1982-12-01,Yala,180.9092
1983-01-01,Yala,102.635
1983-02-01,Yala,71.1671
1983-03-01,Yala,79.3246
1983-04-01,Yala,83.0019
1983-05-01,Yala,79.8576
1983-06-01,Yala,77.2335
1983-07-01,Yala,89.4409
1983-08-01,Yala,103.6162
1983-09-01,Yala,104.0065
1983-10-01,Yala,138.4259
1983-11-01,Yala,80.154
1983-12-01,Yala,72.34
1984-01-01,Yala,74.3886
1984-02-01,Yala,69.6595
1984-03-01,Yala,60.1936
1984-04-01,Yala,69.314
1984-05-01,Yala,60.4174
1984-06-01,Yala,75.7695
1984-07-01,Yala,82.7171
1984-08-01,Yala,87.2022
1984-09-01,Yala,69.0943
1984-10-01,Yala,60.7722
1984-11-01,Yala,75.1404
1984-12-01,Yala,72.7411
1985-01-01,Yala,66.8804
1985-02-01,Yala,67.9595
1985-03-01,Yala,68.7289
1985-04-01,Yala,91.3207
1985-05-01,Yala,97.4858
1985-06-01,Yala,90.8233
1985-07-01,Yala,89.7675
1985-08-01,Yala,91.3545
1985-09-01,Yala,91.1084
1985-10-01,Yala,79.0553
1985-11-01,Yala,78.9217
1985-12-01,Yala,71.8579
1986-01-01,Yala,68.0433
1986-02-01,Yala,67.2546
1986-03-01,Yala,70.2781
1986-04-01,Yala,80.8
1986-05-01,Yala,86.1675
1986-06-01,Yala,79.2148
1986-07-01,Yala,74.7777
1986-08-01,Yala,76.9116
1986-09-01,Yala,76.7039
1986-10-01,Yala,73.7012
1986-11-01,Yala,72.3077
1986-12-01,Yala,69.5552
1987-01-01,Yala,66.2262
1987-02-01,Yala,65.4662
1987-03-01,Yala,70.9752
1987-04-01,Yala,72.1035
1987-05-01,Yala,84.3431
1987-06-01,Yala,85.0719
1987-07-01,Yala,76.7652
1987-08-01,Yala,77.5568
1987-09-01,Yala,73.7094
1987-10-01,Yala,72.6997
1987-11-01,Yala,83.8277
1987-12-01,Yala,72.0864
1988-01-01,Yala,74.231
1988-02-01,Yala,69.2383
1988-03-01,Yala,71.9159
1988-04-01,Yala,92.542
1988-05-01,Yala,107.7397
1988-06-01,Yala,86.947
1988-07-01,Yala,83.8997
1988-08-01,Yala,100.3915
1988-09-01,Yala,102.366
1988-10-01,Yala,108.0163
1988-11-01,Yala,89.0542
1988-12-01,Yala,76.4345
1989-01-01,Yala,72.3784
1989-02-01,Yala,72.8417
1989-03-01,Yala,72.1842
1989-04-01,Yala,83.1703
1989-05-01,Yala,92.3747
1989-06-01,Yala,87.5493
1989-07-01,Yala,81.9268
1989-08-01,Yala,90.3539
1989-09-01,Yala,95.2956
1989-10-01,Yala,91.2887
1989-11-01,Yala,80.9287
1989-12-01,Yala,79.4653
1990-01-01,Yala,81.6387
1990-02-01,Yala,80.5093
1990-03-01,Yala,94.42
1990-04-01,Yala,117.0897
1990-05-01,Yala,101.2377
1990-06-01,Yala,92.693
1990-07-01,Yala,84.3258
1990-08-01,Yala,80.7973
1990-09-01,Yala,79.4755
1990-10-01,Yala,86.4837
1990-11-01,Yala,75.8989
